-- MySQL Workbench Forward Engineering

SET @OLD_UNIQUE_CHECKS=@@UNIQUE_CHECKS, UNIQUE_CHECKS=0;
SET @OLD_FOREIGN_KEY_CHECKS=@@FOREIGN_KEY_CHECKS, FOREIGN_KEY_CHECKS=0;
SET @OLD_SQL_MODE=@@SQL_MODE, SQL_MODE='ONLY_FULL_GROUP_BY,STRICT_TRANS_TABLES,NO_ZERO_IN_DATE,NO_ZERO_DATE,ERROR_FOR_DIVISION_BY_ZERO,NO_ENGINE_SUBSTITUTION';

-- -----------------------------------------------------
-- Schema tech4good
-- -----------------------------------------------------

-- -----------------------------------------------------
-- Schema tech4good
-- -----------------------------------------------------
CREATE SCHEMA IF NOT EXISTS `tech4good` DEFAULT CHARACTER SET utf8 ;
USE `tech4good` ;

-- -----------------------------------------------------
-- Table `PRODUCER`
-- -----------------------------------------------------
CREATE TABLE IF NOT EXISTS `PRODUCER` (
  `ID` INT NOT NULL AUTO_INCREMENT,
  `NAME` VARCHAR(100) NULL,
  `AGE` VARCHAR(45) NULL,
  PRIMARY KEY (`ID`))
ENGINE = InnoDB;


-- -----------------------------------------------------
-- Table `DATE`
-- -----------------------------------------------------
CREATE TABLE IF NOT EXISTS `DATE` (
  `ID` INT NOT NULL AUTO_INCREMENT,
  `DATE` DATE NULL,
  `DAY` INT NULL,
  `MONTH` INT NULL,
  `YEAR` INT NULL,
  PRIMARY KEY (`ID`))
ENGINE = InnoDB;


-- -----------------------------------------------------
-- Table `ITEM`
-- -----------------------------------------------------
CREATE TABLE IF NOT EXISTS `ITEM` (
  `ID` INT NOT NULL AUTO_INCREMENT,
  `NAME` VARCHAR(45) NULL,
  PRIMARY KEY (`ID`))
ENGINE = InnoDB;


-- -----------------------------------------------------
-- Table `LOCATION`
-- -----------------------------------------------------
CREATE TABLE IF NOT EXISTS `LOCATION` (
  `ID` INT NOT NULL AUTO_INCREMENT,
  `CITY` VARCHAR(100) NULL,
  `UF` VARCHAR(2) NULL,
  `LOCATION` VARCHAR(45) NULL,
  PRIMARY KEY (`ID`))
ENGINE = InnoDB;


-- -----------------------------------------------------
-- Table `FACTPRODUCTION`
-- -----------------------------------------------------
CREATE TABLE IF NOT EXISTS `FACTPRODUCTION` (
  `ID` INT NOT NULL AUTO_INCREMENT,
  `DATE_ID` INT NOT NULL,
  `ITEM_ID` INT NOT NULL,
  `PRODUCER_ID` INT NOT NULL,
  `LOCATION_ID` INT NOT NULL,
  `QTD_PRODUCT` INT NULL,
  `EXCESS` INT NULL DEFAULT 0,
  PRIMARY KEY (`ID`),
  INDEX `fk_FACT PRODUCTION_DATE_idx` (`DATE_ID` ASC),
  INDEX `fk_FACT PRODUCTION_PRODUCT1_idx` (`ITEM_ID` ASC),
  INDEX `fk_FACT PRODUCTION_PRODUCER1_idx` (`PRODUCER_ID` ASC),
  INDEX `fk_FACT PRODUCTION_LOCATION1_idx` (`LOCATION_ID` ASC),
  CONSTRAINT `fk_FACT PRODUCTION_DATE`
    FOREIGN KEY (`DATE_ID`)
    REFERENCES `DATE` (`ID`)
    ON DELETE NO ACTION
    ON UPDATE NO ACTION,
  CONSTRAINT `fk_FACT PRODUCTION_PRODUCT1`
    FOREIGN KEY (`ITEM_ID`)
    REFERENCES `ITEM` (`ID`)
    ON DELETE NO ACTION
    ON UPDATE NO ACTION,
  CONSTRAINT `fk_FACT PRODUCTION_PRODUCER1`
    FOREIGN KEY (`PRODUCER_ID`)
    REFERENCES `PRODUCER` (`ID`)
    ON DELETE NO ACTION
    ON UPDATE NO ACTION,
  CONSTRAINT `fk_FACT PRODUCTION_LOCATION1`
    FOREIGN KEY (`LOCATION_ID`)
    REFERENCES `LOCATION` (`ID`)
    ON DELETE NO ACTION
    ON UPDATE NO ACTION)
ENGINE = InnoDB;


SET SQL_MODE=@OLD_SQL_MODE;
SET FOREIGN_KEY_CHECKS=@OLD_FOREIGN_KEY_CHECKS;
SET UNIQUE_CHECKS=@OLD_UNIQUE_CHECKS;

-- MySQL dump 10.13  Distrib 8.0.20, for Win64 (x86_64)
--
-- Host: 127.0.0.1    Database: tech4good
-- ------------------------------------------------------
-- Server version	5.7.34

/*!40101 SET @OLD_CHARACTER_SET_CLIENT=@@CHARACTER_SET_CLIENT */;
/*!40101 SET @OLD_CHARACTER_SET_RESULTS=@@CHARACTER_SET_RESULTS */;
/*!40101 SET @OLD_COLLATION_CONNECTION=@@COLLATION_CONNECTION */;
/*!50503 SET NAMES utf8 */;
/*!40103 SET @OLD_TIME_ZONE=@@TIME_ZONE */;
/*!40103 SET TIME_ZONE='+00:00' */;
/*!40014 SET @OLD_UNIQUE_CHECKS=@@UNIQUE_CHECKS, UNIQUE_CHECKS=0 */;
/*!40014 SET @OLD_FOREIGN_KEY_CHECKS=@@FOREIGN_KEY_CHECKS, FOREIGN_KEY_CHECKS=0 */;
/*!40101 SET @OLD_SQL_MODE=@@SQL_MODE, SQL_MODE='NO_AUTO_VALUE_ON_ZERO' */;
/*!40111 SET @OLD_SQL_NOTES=@@SQL_NOTES, SQL_NOTES=0 */;

--
-- Dumping data for table `DATE`
--

LOCK TABLES `DATE` WRITE;
/*!40000 ALTER TABLE `DATE` DISABLE KEYS */;
INSERT INTO `DATE` VALUES (1,'2021-01-01',1,1,2021),(2,'2021-01-02',2,1,2021),(3,'2021-01-03',3,1,2021),(4,'2021-01-04',4,1,2021),(5,'2021-01-05',5,1,2021),(6,'2021-01-06',6,1,2021),(7,'2021-01-07',7,1,2021),(8,'2021-01-08',8,1,2021),(9,'2021-01-09',9,1,2021),(10,'2021-01-10',10,1,2021),(11,'2021-01-11',11,1,2021),(12,'2021-01-12',12,1,2021),(13,'2021-01-13',13,1,2021),(14,'2021-01-14',14,1,2021),(15,'2021-01-15',15,1,2021),(16,'2021-01-16',16,1,2021),(17,'2021-01-17',17,1,2021),(18,'2021-01-18',18,1,2021),(19,'2021-01-19',19,1,2021),(20,'2021-01-20',20,1,2021),(21,'2021-01-21',21,1,2021),(22,'2021-01-22',22,1,2021),(23,'2021-01-23',23,1,2021),(24,'2021-01-24',24,1,2021),(25,'2021-01-25',25,1,2021),(26,'2021-01-26',26,1,2021),(27,'2021-01-27',27,1,2021),(28,'2021-01-28',28,1,2021),(29,'2021-01-29',29,1,2021),(30,'2021-01-30',30,1,2021),(31,'2021-01-31',31,1,2021),(32,'2021-02-01',1,2,2021),(33,'2021-02-02',2,2,2021),(34,'2021-02-03',3,2,2021),(35,'2021-02-04',4,2,2021),(36,'2021-02-05',5,2,2021),(37,'2021-02-06',6,2,2021),(38,'2021-02-07',7,2,2021),(39,'2021-02-08',8,2,2021),(40,'2021-02-09',9,2,2021),(41,'2021-02-10',10,2,2021),(42,'2021-02-11',11,2,2021),(43,'2021-02-12',12,2,2021),(44,'2021-02-13',13,2,2021),(45,'2021-02-14',14,2,2021),(46,'2021-02-15',15,2,2021),(47,'2021-02-16',16,2,2021),(48,'2021-02-17',17,2,2021),(49,'2021-02-18',18,2,2021),(50,'2021-02-19',19,2,2021),(51,'2021-02-20',20,2,2021),(52,'2021-02-21',21,2,2021),(53,'2021-02-22',22,2,2021),(54,'2021-02-23',23,2,2021),(55,'2021-02-24',24,2,2021),(56,'2021-02-25',25,2,2021),(57,'2021-02-26',26,2,2021),(58,'2021-02-27',27,2,2021),(59,'2021-02-28',28,2,2021),(60,'2021-03-01',1,3,2021),(61,'2021-03-02',2,3,2021),(62,'2021-03-03',3,3,2021),(63,'2021-03-04',4,3,2021),(64,'2021-03-05',5,3,2021),(65,'2021-03-06',6,3,2021),(66,'2021-03-07',7,3,2021),(67,'2021-03-08',8,3,2021),(68,'2021-03-09',9,3,2021),(69,'2021-03-10',10,3,2021),(70,'2021-03-11',11,3,2021),(71,'2021-03-12',12,3,2021),(72,'2021-03-13',13,3,2021),(73,'2021-03-14',14,3,2021),(74,'2021-03-15',15,3,2021),(75,'2021-03-16',16,3,2021),(76,'2021-03-17',17,3,2021),(77,'2021-03-18',18,3,2021),(78,'2021-03-19',19,3,2021),(79,'2021-03-20',20,3,2021),(80,'2021-03-21',21,3,2021),(81,'2021-03-22',22,3,2021),(82,'2021-03-23',23,3,2021),(83,'2021-03-24',24,3,2021),(84,'2021-03-25',25,3,2021),(85,'2021-03-26',26,3,2021),(86,'2021-03-27',27,3,2021),(87,'2021-03-28',28,3,2021),(88,'2021-03-29',29,3,2021),(89,'2021-03-30',30,3,2021),(90,'2021-03-31',31,3,2021),(91,'2021-04-01',1,4,2021),(92,'2021-04-02',2,4,2021),(93,'2021-04-03',3,4,2021),(94,'2021-04-04',4,4,2021),(95,'2021-04-05',5,4,2021),(96,'2021-04-06',6,4,2021),(97,'2021-04-07',7,4,2021),(98,'2021-04-08',8,4,2021),(99,'2021-04-09',9,4,2021),(100,'2021-04-10',10,4,2021),(101,'2021-04-11',11,4,2021),(102,'2021-04-12',12,4,2021),(103,'2021-04-13',13,4,2021),(104,'2021-04-14',14,4,2021),(105,'2021-04-15',15,4,2021),(106,'2021-04-16',16,4,2021),(107,'2021-04-17',17,4,2021),(108,'2021-04-18',18,4,2021),(109,'2021-04-19',19,4,2021),(110,'2021-04-20',20,4,2021),(111,'2021-04-21',21,4,2021),(112,'2021-04-22',22,4,2021),(113,'2021-04-23',23,4,2021),(114,'2021-04-24',24,4,2021),(115,'2021-04-25',25,4,2021),(116,'2021-04-26',26,4,2021),(117,'2021-04-27',27,4,2021),(118,'2021-04-28',28,4,2021),(119,'2021-04-29',29,4,2021),(120,'2021-04-30',30,4,2021),(121,'2021-05-01',1,5,2021),(122,'2021-05-02',2,5,2021),(123,'2021-05-03',3,5,2021),(124,'2021-05-04',4,5,2021),(125,'2021-05-05',5,5,2021),(126,'2021-05-06',6,5,2021),(127,'2021-05-07',7,5,2021),(128,'2021-05-08',8,5,2021),(129,'2021-05-09',9,5,2021),(130,'2021-05-10',10,5,2021),(131,'2021-05-11',11,5,2021),(132,'2021-05-12',12,5,2021),(133,'2021-05-13',13,5,2021),(134,'2021-05-14',14,5,2021),(135,'2021-05-15',15,5,2021),(136,'2021-05-16',16,5,2021),(137,'2021-05-17',17,5,2021),(138,'2021-05-18',18,5,2021),(139,'2021-05-19',19,5,2021),(140,'2021-05-20',20,5,2021),(141,'2021-05-21',21,5,2021),(142,'2021-05-22',22,5,2021),(143,'2021-05-23',23,5,2021),(144,'2021-05-24',24,5,2021),(145,'2021-05-25',25,5,2021),(146,'2021-05-26',26,5,2021),(147,'2021-05-27',27,5,2021),(148,'2021-05-28',28,5,2021),(149,'2021-05-29',29,5,2021),(150,'2021-05-30',30,5,2021),(151,'2021-05-31',31,5,2021),(152,'2021-06-01',1,6,2021),(153,'2021-06-02',2,6,2021),(154,'2021-06-03',3,6,2021),(155,'2021-06-04',4,6,2021),(156,'2021-06-05',5,6,2021),(157,'2021-06-06',6,6,2021),(158,'2021-06-07',7,6,2021),(159,'2021-06-08',8,6,2021),(160,'2021-06-09',9,6,2021),(161,'2021-06-10',10,6,2021),(162,'2021-06-11',11,6,2021),(163,'2021-06-12',12,6,2021),(164,'2021-06-13',13,6,2021),(165,'2021-06-14',14,6,2021),(166,'2021-06-15',15,6,2021),(167,'2021-06-16',16,6,2021),(168,'2021-06-17',17,6,2021),(169,'2021-06-18',18,6,2021),(170,'2021-06-19',19,6,2021),(171,'2021-06-20',20,6,2021),(172,'2021-06-21',21,6,2021),(173,'2021-06-22',22,6,2021),(174,'2021-06-23',23,6,2021),(175,'2021-06-24',24,6,2021),(176,'2021-06-25',25,6,2021),(177,'2021-06-26',26,6,2021),(178,'2021-06-27',27,6,2021),(179,'2021-06-28',28,6,2021),(180,'2021-06-29',29,6,2021),(181,'2021-06-30',30,6,2021),(182,'2021-07-01',1,7,2021),(183,'2021-07-02',2,7,2021),(184,'2021-07-03',3,7,2021),(185,'2021-07-04',4,7,2021),(186,'2021-07-05',5,7,2021),(187,'2021-07-06',6,7,2021),(188,'2021-07-07',7,7,2021),(189,'2021-07-08',8,7,2021),(190,'2021-07-09',9,7,2021),(191,'2021-07-10',10,7,2021),(192,'2021-07-11',11,7,2021),(193,'2021-07-12',12,7,2021),(194,'2021-07-13',13,7,2021),(195,'2021-07-14',14,7,2021),(196,'2021-07-15',15,7,2021),(197,'2021-07-16',16,7,2021),(198,'2021-07-17',17,7,2021),(199,'2021-07-18',18,7,2021),(200,'2021-07-19',19,7,2021),(201,'2021-07-20',20,7,2021),(202,'2021-07-21',21,7,2021),(203,'2021-07-22',22,7,2021),(204,'2021-07-23',23,7,2021),(205,'2021-07-24',24,7,2021),(206,'2021-07-25',25,7,2021),(207,'2021-07-26',26,7,2021),(208,'2021-07-27',27,7,2021),(209,'2021-07-28',28,7,2021),(210,'2021-07-29',29,7,2021),(211,'2021-07-30',30,7,2021),(212,'2021-07-31',31,7,2021),(213,'2021-08-01',1,8,2021),(214,'2021-08-02',2,8,2021),(215,'2021-08-03',3,8,2021),(216,'2021-08-04',4,8,2021),(217,'2021-08-05',5,8,2021),(218,'2021-08-06',6,8,2021),(219,'2021-08-07',7,8,2021),(220,'2021-08-08',8,8,2021),(221,'2021-08-09',9,8,2021),(222,'2021-08-10',10,8,2021),(223,'2021-08-11',11,8,2021),(224,'2021-08-12',12,8,2021),(225,'2021-08-13',13,8,2021),(226,'2021-08-14',14,8,2021),(227,'2021-08-15',15,8,2021),(228,'2021-08-16',16,8,2021),(229,'2021-08-17',17,8,2021),(230,'2021-08-18',18,8,2021),(231,'2021-08-19',19,8,2021),(232,'2021-08-20',20,8,2021),(233,'2021-08-21',21,8,2021),(234,'2021-08-22',22,8,2021),(235,'2021-08-23',23,8,2021),(236,'2021-08-24',24,8,2021),(237,'2021-08-25',25,8,2021),(238,'2021-08-26',26,8,2021),(239,'2021-08-27',27,8,2021),(240,'2021-08-28',28,8,2021),(241,'2021-08-29',29,8,2021),(242,'2021-08-30',30,8,2021),(243,'2021-08-31',31,8,2021),(244,'2021-09-01',1,9,2021),(245,'2021-09-02',2,9,2021),(246,'2021-09-03',3,9,2021),(247,'2021-09-04',4,9,2021),(248,'2021-09-05',5,9,2021),(249,'2021-09-06',6,9,2021),(250,'2021-09-07',7,9,2021),(251,'2021-09-08',8,9,2021),(252,'2021-09-09',9,9,2021),(253,'2021-09-10',10,9,2021),(254,'2021-09-11',11,9,2021),(255,'2021-09-12',12,9,2021),(256,'2021-09-13',13,9,2021),(257,'2021-09-14',14,9,2021),(258,'2021-09-15',15,9,2021),(259,'2021-09-16',16,9,2021),(260,'2021-09-17',17,9,2021),(261,'2021-09-18',18,9,2021),(262,'2021-09-19',19,9,2021),(263,'2021-09-20',20,9,2021),(264,'2021-09-21',21,9,2021),(265,'2021-09-22',22,9,2021),(266,'2021-09-23',23,9,2021),(267,'2021-09-24',24,9,2021),(268,'2021-09-25',25,9,2021),(269,'2021-09-26',26,9,2021),(270,'2021-09-27',27,9,2021),(271,'2021-09-28',28,9,2021),(272,'2021-09-29',29,9,2021),(273,'2021-09-30',30,9,2021),(274,'2021-10-01',1,10,2021),(275,'2021-10-02',2,10,2021),(276,'2021-10-03',3,10,2021),(277,'2021-10-04',4,10,2021),(278,'2021-10-05',5,10,2021),(279,'2021-10-06',6,10,2021),(280,'2021-10-07',7,10,2021),(281,'2021-10-08',8,10,2021),(282,'2021-10-09',9,10,2021),(283,'2021-10-10',10,10,2021),(284,'2021-10-11',11,10,2021),(285,'2021-10-12',12,10,2021),(286,'2021-10-13',13,10,2021),(287,'2021-10-14',14,10,2021),(288,'2021-10-15',15,10,2021),(289,'2021-10-16',16,10,2021),(290,'2021-10-17',17,10,2021),(291,'2021-10-18',18,10,2021),(292,'2021-10-19',19,10,2021),(293,'2021-10-20',20,10,2021),(294,'2021-10-21',21,10,2021),(295,'2021-10-22',22,10,2021),(296,'2021-10-23',23,10,2021),(297,'2021-10-24',24,10,2021),(298,'2021-10-25',25,10,2021),(299,'2021-10-26',26,10,2021),(300,'2021-10-27',27,10,2021),(301,'2021-10-28',28,10,2021),(302,'2021-10-29',29,10,2021),(303,'2021-10-30',30,10,2021),(304,'2021-10-31',31,10,2021),(305,'2021-11-01',1,11,2021),(306,'2021-11-02',2,11,2021),(307,'2021-11-03',3,11,2021),(308,'2021-11-04',4,11,2021),(309,'2021-11-05',5,11,2021),(310,'2021-11-06',6,11,2021),(311,'2021-11-07',7,11,2021),(312,'2021-11-08',8,11,2021),(313,'2021-11-09',9,11,2021),(314,'2021-11-10',10,11,2021),(315,'2021-11-11',11,11,2021),(316,'2021-11-12',12,11,2021),(317,'2021-11-13',13,11,2021),(318,'2021-11-14',14,11,2021),(319,'2021-11-15',15,11,2021),(320,'2021-11-16',16,11,2021),(321,'2021-11-17',17,11,2021),(322,'2021-11-18',18,11,2021),(323,'2021-11-19',19,11,2021),(324,'2021-11-20',20,11,2021),(325,'2021-11-21',21,11,2021),(326,'2021-11-22',22,11,2021),(327,'2021-11-23',23,11,2021),(328,'2021-11-24',24,11,2021),(329,'2021-11-25',25,11,2021),(330,'2021-11-26',26,11,2021),(331,'2021-11-27',27,11,2021),(332,'2021-11-28',28,11,2021),(333,'2021-11-29',29,11,2021),(334,'2021-11-30',30,11,2021),(335,'2021-12-01',1,12,2021),(336,'2021-12-02',2,12,2021),(337,'2021-12-03',3,12,2021),(338,'2021-12-04',4,12,2021),(339,'2021-12-05',5,12,2021),(340,'2021-12-06',6,12,2021),(341,'2021-12-07',7,12,2021),(342,'2021-12-08',8,12,2021),(343,'2021-12-09',9,12,2021),(344,'2021-12-10',10,12,2021),(345,'2021-12-11',11,12,2021),(346,'2021-12-12',12,12,2021),(347,'2021-12-13',13,12,2021),(348,'2021-12-14',14,12,2021),(349,'2021-12-15',15,12,2021),(350,'2021-12-16',16,12,2021),(351,'2021-12-17',17,12,2021),(352,'2021-12-18',18,12,2021),(353,'2021-12-19',19,12,2021),(354,'2021-12-20',20,12,2021),(355,'2021-12-21',21,12,2021),(356,'2021-12-22',22,12,2021),(357,'2021-12-23',23,12,2021),(358,'2021-12-24',24,12,2021),(359,'2021-12-25',25,12,2021),(360,'2021-12-26',26,12,2021),(361,'2021-12-27',27,12,2021),(362,'2021-12-28',28,12,2021),(363,'2021-12-29',29,12,2021),(364,'2021-12-30',30,12,2021),(365,'2021-12-31',31,12,2021);
/*!40000 ALTER TABLE `DATE` ENABLE KEYS */;
UNLOCK TABLES;

--
-- Dumping data for table `FACTPRODUCTION`
--

LOCK TABLES `FACTPRODUCTION` WRITE;
/*!40000 ALTER TABLE `FACTPRODUCTION` DISABLE KEYS */;
INSERT INTO `FACTPRODUCTION` VALUES (1,320,10,7,592,21,1),(2,85,15,94,980,92,0),(3,335,15,25,1716,69,0),(4,348,10,13,1262,24,1),(5,209,4,100,1652,55,1),(6,156,1,1,145,95,0),(7,240,9,76,1128,53,1),(8,72,9,149,362,72,1),(9,85,6,135,745,98,0),(10,67,13,26,1320,40,1),(11,246,13,96,364,94,0),(12,363,9,22,1047,6,0),(13,9,12,89,142,51,1),(14,82,17,25,820,43,1),(15,3,15,114,300,29,1),(16,87,15,36,1507,17,0),(17,243,16,49,1151,61,0),(18,7,6,127,1032,89,1),(19,362,13,23,186,90,0),(20,140,10,64,133,48,1),(21,94,9,2,1490,78,0),(22,68,4,25,442,34,0),(23,137,18,65,1583,70,0),(24,266,18,65,1713,97,0),(25,263,4,11,1298,26,1),(26,277,5,47,1185,31,1),(27,208,9,72,433,42,0),(28,25,8,82,1232,44,1),(29,350,8,129,1308,70,1),(30,284,17,54,1406,24,1),(31,218,6,109,125,98,0),(32,128,13,50,1310,98,1),(33,184,8,58,1475,49,1),(34,89,16,48,1721,51,0),(35,169,8,111,1324,25,0),(36,30,13,84,1779,43,1),(37,311,3,68,886,18,0),(38,235,10,38,861,51,1),(39,67,15,101,814,10,0),(40,219,5,17,964,23,1),(41,104,9,9,1131,50,0),(42,141,7,149,1883,52,0),(43,163,4,40,2,81,0),(44,115,8,131,754,52,1),(45,117,5,61,571,84,0),(46,128,17,74,1277,9,0),(47,339,3,46,1345,86,0),(48,177,15,15,339,47,0),(49,269,2,10,1654,39,0),(50,138,3,147,1525,48,1),(51,2,15,44,623,31,0),(52,283,8,38,864,61,0),(53,83,16,118,678,3,1),(54,175,7,12,274,83,1),(55,231,14,123,54,49,1),(56,284,6,41,254,30,1),(57,101,8,57,537,72,0),(58,212,7,11,1119,100,1),(59,72,1,59,1743,68,1),(60,268,16,33,1836,83,0),(61,137,8,86,231,84,0),(62,65,13,138,1336,12,0),(63,96,15,134,1295,77,1),(64,119,5,36,1176,47,1),(65,234,12,113,343,43,0),(66,339,5,19,1496,54,0),(67,239,11,9,1812,99,0),(68,160,2,85,1126,78,0),(69,299,3,108,1919,100,1),(70,161,12,133,988,29,0),(71,250,1,22,1477,36,1),(72,225,19,105,860,18,1),(73,319,7,52,1013,24,1),(74,213,15,66,154,1,0),(75,280,11,75,1294,43,0),(76,143,10,2,1808,70,0),(77,129,13,3,1732,14,1),(78,263,3,11,408,90,1),(79,11,14,19,189,77,0),(80,333,8,147,176,37,1),(81,84,1,127,306,88,1),(82,131,10,113,640,39,0),(83,301,9,147,395,13,1),(84,19,1,129,846,47,0),(85,237,7,100,1820,35,0),(86,356,14,61,384,12,0),(87,238,8,75,677,57,0),(88,314,4,30,1535,54,1),(89,327,13,86,1798,34,0),(90,284,5,55,862,38,1),(91,96,14,144,1182,91,0),(92,203,19,57,1863,26,0),(93,172,4,122,1307,11,1),(94,277,16,31,961,34,0),(95,261,19,80,374,6,1),(96,265,10,34,323,93,1),(97,85,17,56,441,33,1),(98,109,7,47,1386,30,1),(99,3,16,136,396,67,0),(100,198,10,85,435,33,0),(101,330,3,141,1262,45,1),(102,209,6,85,304,71,0),(103,223,5,65,1849,83,1),(104,137,18,104,166,16,0),(105,262,4,1,1780,17,0),(106,176,13,99,1931,17,1),(107,77,14,32,781,14,0),(108,356,3,120,1927,60,1),(109,72,11,59,483,61,0),(110,143,8,93,1824,98,1),(111,165,8,141,1441,23,0),(112,75,9,13,502,84,1),(113,247,6,94,436,88,0),(114,217,9,108,891,58,1),(115,136,13,55,1891,93,0),(116,210,18,42,792,91,0),(117,303,13,136,1391,12,1),(118,67,1,11,449,59,1),(119,328,19,100,625,47,0),(120,218,16,48,464,67,1),(121,361,2,45,167,3,0),(122,154,19,114,711,68,1),(123,139,19,108,119,74,0),(124,121,10,33,1182,38,1),(125,278,1,137,1121,4,0),(126,350,19,121,290,41,0),(127,134,6,34,1114,7,1),(128,224,5,73,86,54,0),(129,242,9,73,979,48,1),(130,248,6,127,1284,24,1),(131,5,16,146,1806,66,0),(132,284,2,128,769,8,1),(133,358,12,94,1670,58,1),(134,315,19,84,425,68,0),(135,333,5,38,206,25,1),(136,228,15,62,1344,26,0),(137,46,1,118,569,93,0),(138,37,8,47,1162,43,1),(139,171,11,23,1077,7,0),(140,346,1,90,1453,13,1),(141,247,7,46,466,85,0),(142,7,14,110,1891,71,0),(143,290,13,106,1539,59,1),(144,205,3,86,953,41,1),(145,141,15,10,1731,84,0),(146,272,2,99,1893,55,1),(147,355,18,122,262,2,0),(148,63,7,107,11,82,1),(149,118,12,12,1344,76,1),(150,13,3,36,157,52,1),(151,338,6,79,1119,45,0),(152,305,17,84,519,68,0),(153,133,13,133,1128,1,1),(154,174,16,121,1885,3,1),(155,178,16,103,1874,1,0),(156,49,10,70,152,32,1),(157,230,12,93,1066,64,0),(158,128,18,144,1269,4,1),(159,287,15,112,116,84,1),(160,20,11,2,478,37,0),(161,143,15,57,1380,74,1),(162,99,1,97,409,46,0),(163,9,6,18,1592,77,1),(164,109,11,82,483,18,1),(165,351,7,18,147,16,1),(166,113,5,149,166,57,1),(167,66,14,44,6,21,0),(168,16,16,52,565,97,0),(169,45,1,13,1576,14,0),(170,270,16,146,589,17,1),(171,97,2,137,1276,89,1),(172,68,14,40,700,10,1),(173,237,14,134,1638,28,1),(174,318,2,37,1466,36,1),(175,180,14,138,1146,8,0),(176,363,7,139,801,67,0),(177,159,1,71,1197,49,1),(178,118,11,30,1679,82,0),(179,246,4,116,887,42,0),(180,172,2,74,213,56,0),(181,172,5,94,1557,18,0),(182,96,14,72,589,16,0),(183,301,19,105,868,14,0),(184,216,9,90,489,59,0),(185,28,13,84,1094,29,1),(186,224,2,28,1826,22,1),(187,298,15,80,1839,11,0),(188,122,8,65,1852,26,1),(189,357,12,68,1031,79,0),(190,73,15,7,234,12,0),(191,177,4,25,1132,80,1),(192,119,15,84,77,24,0),(193,363,17,73,483,50,0),(194,308,6,26,1470,79,0),(195,206,10,62,459,61,0),(196,30,12,112,1369,79,0),(197,272,16,70,963,78,1),(198,179,19,70,512,8,0),(199,13,9,92,1929,59,0),(200,197,15,74,535,20,1),(201,192,16,119,133,48,0),(202,343,13,82,991,94,1),(203,262,18,30,1402,21,1),(204,277,16,75,693,86,0),(205,354,19,6,1003,81,0),(206,128,19,27,1240,73,0),(207,229,7,40,538,28,1),(208,321,18,110,671,98,0),(209,320,13,112,1911,49,0),(210,16,4,55,348,97,0),(211,275,10,104,1286,19,1),(212,123,6,140,1478,3,0),(213,246,17,79,565,92,1),(214,124,5,3,1375,26,0),(215,142,15,101,1399,80,1),(216,338,17,12,4,86,1),(217,330,15,75,1854,51,1),(218,321,15,113,819,82,1),(219,290,10,144,1912,16,0),(220,300,3,12,1596,82,1),(221,342,17,10,480,11,0),(222,94,9,59,1002,36,0),(223,27,2,76,1151,7,0),(224,265,3,48,1156,47,0),(225,201,1,37,975,89,1),(226,260,14,132,1798,15,0),(227,88,10,126,264,11,0),(228,95,12,77,8,15,1),(229,6,18,87,1137,42,1),(230,139,10,146,1288,34,0),(231,237,10,29,548,50,1),(232,162,19,125,1399,36,0),(233,61,7,92,1370,65,1),(234,126,10,109,55,48,1),(235,202,7,104,188,6,0),(236,188,16,36,848,98,1),(237,122,16,90,1513,18,1),(238,23,13,90,1757,46,0),(239,88,16,2,1611,97,0),(240,81,4,23,1657,28,1),(241,358,8,14,945,28,0),(242,224,1,36,96,15,0),(243,307,2,102,1541,31,0),(244,7,17,137,1433,87,1),(245,7,16,121,316,20,0),(246,322,18,144,218,25,0),(247,132,6,27,91,37,1),(248,301,19,65,558,3,0),(249,202,7,141,1759,15,1),(250,59,17,65,77,41,0),(251,165,18,9,1646,82,0),(252,300,14,10,882,12,0),(253,93,15,67,447,20,0),(254,329,12,76,985,36,1),(255,28,4,49,712,51,0),(256,253,10,20,1606,51,0),(257,293,6,24,726,44,0),(258,150,16,78,1470,61,1),(259,198,6,38,1559,38,1),(260,39,9,108,1161,36,1),(261,304,16,129,1645,68,1),(262,343,10,130,472,99,0),(263,202,18,80,561,23,0),(264,89,13,38,1386,5,1),(265,100,16,88,545,56,0),(266,79,6,85,496,84,1),(267,16,16,53,1312,89,1),(268,62,14,50,1122,3,1),(269,205,19,79,1598,15,0),(270,191,8,146,1767,51,0),(271,356,3,41,952,62,0),(272,99,14,114,1919,32,0),(273,153,10,61,1915,93,1),(274,160,9,32,647,35,1),(275,99,16,33,472,93,1),(276,164,14,9,735,74,0),(277,108,6,86,1196,95,1),(278,306,11,102,1587,43,1),(279,165,13,10,581,70,0),(280,363,12,2,808,66,1),(281,215,13,56,1511,97,0),(282,109,4,87,813,29,0),(283,193,13,24,846,10,1),(284,1,2,11,1425,30,1),(285,264,5,126,184,51,1),(286,238,12,92,523,44,0),(287,108,2,108,279,59,1),(288,130,7,111,116,27,1),(289,79,14,97,1618,80,1),(290,140,17,35,193,14,0),(291,50,5,11,757,98,0),(292,160,12,102,1419,81,0),(293,197,4,115,65,21,0),(294,94,18,16,673,81,1),(295,159,5,119,1404,44,1),(296,166,2,77,525,98,0),(297,326,16,52,784,49,1),(298,132,15,86,510,7,0),(299,102,18,109,1740,72,1),(300,316,8,68,1847,95,0),(301,151,13,17,424,16,0),(302,11,10,66,1454,58,0),(303,45,13,106,884,86,1),(304,160,9,106,327,35,1),(305,354,10,83,1348,22,1),(306,74,7,113,1658,45,1),(307,56,4,119,646,31,1),(308,16,4,112,1078,8,1),(309,64,9,115,1526,21,1),(310,154,12,77,12,7,0),(311,278,7,62,85,73,0),(312,91,17,47,446,35,1),(313,101,7,113,759,7,1),(314,338,14,125,1719,98,0),(315,115,14,140,263,93,0),(316,234,8,130,1448,95,0),(317,351,17,13,1097,30,1),(318,175,19,32,626,45,1),(319,263,2,40,1827,49,1),(320,353,19,101,1839,57,1),(321,359,12,43,1273,77,0),(322,243,13,50,1177,40,0),(323,327,5,35,318,53,0),(324,64,6,74,1651,92,0),(325,263,17,96,208,85,0),(326,188,4,13,1890,14,0),(327,20,2,33,1451,95,1),(328,24,4,29,87,8,1),(329,226,18,45,900,94,1),(330,143,13,130,1793,46,1),(331,79,15,106,11,79,1),(332,104,10,49,1623,61,1),(333,198,6,149,189,81,0),(334,130,3,148,1926,79,1),(335,237,1,107,1014,21,0),(336,72,9,8,1437,75,1),(337,187,18,50,58,78,0),(338,237,6,137,127,57,0),(339,223,6,47,1105,88,1),(340,59,2,27,1758,55,1),(341,195,13,19,278,31,1),(342,87,3,52,1586,51,1),(343,141,14,28,1859,9,0),(344,292,8,45,577,96,1),(345,57,3,138,60,21,0),(346,105,6,91,1205,55,1),(347,276,16,67,770,13,1),(348,154,15,38,1493,62,0),(349,178,2,63,235,78,0),(350,228,1,91,1766,54,1),(351,29,1,103,415,99,1),(352,47,13,91,1502,80,1),(353,48,7,147,1151,15,1),(354,189,13,13,1765,90,1),(355,58,12,134,1324,76,0),(356,84,6,88,242,26,0),(357,212,17,101,1692,5,0),(358,186,9,124,176,46,0),(359,246,5,128,438,70,0),(360,264,10,49,841,66,0),(361,130,19,141,409,31,1),(362,262,14,32,522,76,0),(363,130,4,137,414,95,0),(364,210,1,41,1135,90,1),(365,200,5,27,475,3,0),(366,119,12,137,1328,20,0),(367,191,4,5,375,94,0),(368,148,18,91,1181,82,0),(369,288,7,94,266,38,1),(370,78,15,113,769,82,1),(371,105,3,141,1871,76,0),(372,45,19,76,529,13,0),(373,181,16,102,856,6,1),(374,131,14,75,24,8,0),(375,181,13,36,1464,61,1),(376,356,4,106,928,24,0),(377,357,4,9,1829,94,1),(378,48,8,125,1660,16,1),(379,164,8,101,1433,40,0),(380,232,19,122,1665,3,0),(381,109,19,103,754,51,1),(382,191,13,132,378,79,1),(383,177,3,130,62,51,0),(384,362,3,31,1180,56,0),(385,252,15,64,390,58,0),(386,100,3,85,806,24,1),(387,281,12,21,795,26,0),(388,103,13,122,175,20,1),(389,272,11,128,173,79,1),(390,80,11,36,436,7,1),(391,316,2,149,259,71,1),(392,65,13,118,1182,26,0),(393,98,5,121,751,25,1),(394,46,7,97,1713,100,0),(395,53,2,14,503,94,0),(396,69,13,144,1149,28,1),(397,268,19,110,1775,76,1),(398,124,4,44,1252,99,0),(399,303,9,14,339,68,1),(400,179,15,89,123,93,1),(401,74,15,28,1206,60,0),(402,53,12,147,658,4,0),(403,81,17,64,1088,24,0),(404,19,9,50,678,40,1),(405,265,6,136,644,73,0),(406,242,10,63,1015,32,0),(407,24,1,31,1185,53,0),(408,252,19,85,566,50,1),(409,22,9,15,1114,15,0),(410,159,17,149,1513,10,1),(411,164,7,13,54,52,0),(412,220,6,98,116,77,0),(413,249,3,134,825,93,0),(414,279,4,118,1619,40,1),(415,137,13,55,1343,50,0),(416,79,16,116,1104,59,0),(417,41,15,6,430,27,0),(418,40,16,51,1232,24,1),(419,276,6,69,431,3,0),(420,189,12,139,148,79,0),(421,281,2,10,1416,99,0),(422,194,15,52,1398,51,0),(423,197,4,5,1607,51,0),(424,85,13,47,1757,57,1),(425,275,18,47,1307,36,0),(426,50,2,17,590,73,0),(427,280,18,33,234,8,1),(428,328,16,119,1305,40,1),(429,120,16,53,1102,14,0),(430,151,2,107,1809,42,0),(431,298,19,140,1898,33,1),(432,22,1,104,1504,79,0),(433,319,7,27,513,11,1),(434,254,2,29,1595,33,0),(435,57,18,22,1756,77,0),(436,297,18,105,1169,78,0),(437,235,3,52,309,25,1),(438,120,14,145,793,72,0),(439,237,5,45,1585,93,0),(440,190,7,34,182,66,0),(441,172,12,129,1773,43,1),(442,261,5,113,1611,20,0),(443,87,14,66,1384,45,0),(444,106,12,9,949,76,1),(445,345,6,107,1274,59,1),(446,281,5,123,1114,68,0),(447,69,2,120,241,94,1),(448,7,19,1,302,30,1),(449,184,2,107,904,94,1),(450,333,8,49,585,70,0),(451,138,13,134,1375,33,0),(452,195,16,70,1385,33,1),(453,353,13,97,1723,25,1),(454,183,11,46,134,53,1),(455,77,8,121,1834,54,1),(456,160,2,36,1069,13,1),(457,159,17,36,701,88,1),(458,81,10,42,1860,76,1),(459,294,10,22,1439,27,0),(460,288,2,58,1702,63,1),(461,249,16,130,1275,88,1),(462,64,3,107,1384,3,0),(463,217,1,65,780,83,0),(464,64,9,113,1366,57,0),(465,68,9,87,1069,80,1),(466,285,1,145,847,26,0),(467,324,18,47,607,20,0),(468,260,9,134,423,32,1),(469,112,10,122,1914,63,1),(470,276,10,34,266,93,0),(471,345,15,41,690,32,0),(472,81,10,129,1761,34,0),(473,30,12,104,16,79,1),(474,301,6,55,1923,89,1),(475,49,13,83,154,58,1),(476,229,8,88,1266,16,1),(477,253,6,132,988,59,0),(478,234,16,136,325,28,1),(479,38,8,71,1294,38,1),(480,298,2,88,1449,53,0),(481,266,1,129,1765,82,1),(482,363,15,90,1909,54,0),(483,147,10,81,716,29,0),(484,154,11,31,1447,37,1),(485,282,5,141,1801,76,0),(486,172,17,7,1059,86,0),(487,290,13,27,252,78,0),(488,164,2,143,1236,45,1),(489,15,9,17,944,41,1),(490,29,12,89,21,61,0),(491,321,15,71,1084,66,0),(492,202,16,125,1327,41,1),(493,297,7,115,1841,20,0),(494,119,19,56,602,41,1),(495,179,16,33,483,84,1),(496,84,12,72,1870,42,0),(497,257,14,3,943,48,1),(498,117,1,100,1685,44,0),(499,191,13,11,1014,61,1),(500,76,11,62,1154,18,0),(501,11,10,116,1906,56,1),(502,339,2,8,238,2,1),(503,238,4,84,1171,71,1),(504,345,12,139,1420,38,1),(505,275,14,15,1321,53,1),(506,277,15,134,702,35,0),(507,140,18,88,1524,41,0),(508,132,4,8,935,63,0),(509,40,19,80,130,37,1),(510,132,5,90,1281,38,0),(511,31,10,32,142,99,0),(512,158,17,115,1751,24,1),(513,234,18,21,980,54,0),(514,229,11,116,767,30,0),(515,302,13,96,1260,43,0),(516,192,4,71,1119,36,1),(517,337,2,74,335,9,0),(518,223,9,139,476,46,0),(519,162,5,27,940,90,0),(520,305,10,42,1662,55,0),(521,189,7,127,32,97,0),(522,248,10,21,1290,60,1),(523,144,8,96,657,57,1),(524,362,8,94,264,11,1),(525,168,9,75,1028,38,1),(526,210,8,48,1211,91,0),(527,66,17,133,253,66,0),(528,307,5,16,1493,48,0),(529,174,10,90,442,32,0),(530,124,13,84,283,56,1),(531,311,13,121,1769,50,1),(532,334,11,109,1631,34,0),(533,100,4,27,1366,75,0),(534,292,6,132,1182,36,1),(535,10,7,136,1008,56,1),(536,237,4,142,1382,84,0),(537,199,2,134,620,21,1),(538,268,9,45,730,55,1),(539,70,1,98,1289,70,0),(540,315,2,23,1481,52,1),(541,210,4,30,555,83,1),(542,234,19,123,1855,70,1),(543,285,14,15,145,94,0),(544,317,14,20,359,31,0),(545,69,3,21,897,69,1),(546,80,12,6,288,95,1),(547,291,3,105,1430,59,1),(548,128,1,12,1460,21,1),(549,60,8,60,861,96,0),(550,287,7,5,1490,39,0),(551,171,14,140,1209,58,1),(552,241,4,20,811,26,0),(553,212,2,9,1926,59,0),(554,275,3,46,1366,62,1),(555,49,13,85,894,92,0),(556,182,15,9,1442,44,0),(557,333,17,89,1728,60,0),(558,268,19,96,294,16,0),(559,174,5,46,707,99,0),(560,205,12,61,1664,23,0),(561,261,16,3,123,35,0),(562,130,14,5,754,82,0),(563,42,5,33,675,61,0),(564,21,4,91,1842,34,1),(565,306,19,74,609,12,0),(566,326,16,124,1435,16,1),(567,22,8,61,1798,5,0),(568,63,6,109,1025,89,0),(569,151,11,88,1500,83,1),(570,109,14,46,1233,31,0),(571,112,12,125,1908,74,0),(572,111,15,72,1149,23,1),(573,214,12,80,106,7,0),(574,289,12,140,918,55,1),(575,198,10,46,827,23,0),(576,119,2,21,1564,93,1),(577,349,14,125,173,4,1),(578,316,5,112,152,54,1),(579,71,1,105,536,12,0),(580,282,1,42,1103,52,1),(581,58,13,54,441,60,0),(582,333,1,111,1923,18,1),(583,246,16,143,1412,70,0),(584,10,6,14,1600,26,0),(585,356,19,140,910,32,1),(586,151,9,15,1385,98,1),(587,7,5,50,1488,93,0),(588,257,18,94,1097,4,1),(589,153,18,76,652,40,0),(590,121,7,133,1913,23,0),(591,117,16,55,952,44,1),(592,57,3,10,273,74,0),(593,155,14,41,587,45,0),(594,299,10,60,1518,33,1),(595,106,5,145,1567,88,0),(596,305,4,92,764,3,1),(597,349,7,77,1473,76,1),(598,216,7,85,656,58,1),(599,140,14,110,1704,71,0),(600,315,5,6,785,37,1),(601,253,3,99,1696,55,1),(602,146,8,108,15,45,0),(603,284,2,97,449,30,0),(604,225,17,66,574,26,1),(605,263,3,147,162,91,0),(606,94,14,30,502,79,1),(607,346,10,34,1164,32,0),(608,304,19,32,30,62,0),(609,345,7,89,81,9,1),(610,7,17,32,1852,80,1),(611,44,4,26,1912,57,1),(612,99,18,108,1021,44,0),(613,167,15,62,1767,99,1),(614,297,16,87,764,95,0),(615,255,18,135,1595,66,1),(616,15,4,15,142,52,0),(617,143,6,135,1829,96,1),(618,122,11,92,1898,98,0),(619,140,7,73,493,50,0),(620,29,17,97,469,52,1),(621,209,5,147,1500,43,0),(622,31,17,32,266,49,1),(623,252,12,53,1609,77,0),(624,225,11,50,877,10,0),(625,82,1,26,817,97,0),(626,194,14,111,1171,10,1),(627,278,19,18,291,61,1),(628,200,17,40,125,42,0),(629,56,12,51,736,99,0),(630,234,17,58,1643,16,1),(631,3,19,75,580,96,0),(632,223,2,12,1326,69,1),(633,69,1,46,1130,65,1),(634,319,7,146,1164,42,0),(635,287,10,62,1203,70,0),(636,316,11,60,1534,14,1),(637,182,2,12,399,44,0),(638,53,5,48,98,33,0),(639,179,19,132,614,60,1),(640,361,13,143,487,20,0),(641,235,7,126,2,20,0),(642,176,4,2,1644,56,0),(643,268,13,77,264,86,1),(644,282,7,20,921,20,1),(645,129,5,28,1701,64,1),(646,55,17,48,728,57,0),(647,88,3,26,1371,86,0),(648,271,1,118,139,8,0),(649,185,12,144,1617,95,0),(650,156,15,39,1857,64,0),(651,325,12,66,551,61,1),(652,161,2,13,1759,97,1),(653,226,7,89,997,43,0),(654,58,13,129,1533,13,1),(655,217,19,115,353,5,1),(656,43,4,126,1008,70,1),(657,360,11,134,822,71,1),(658,72,3,113,1894,16,0),(659,65,16,14,525,11,1),(660,78,3,60,1781,45,1),(661,57,1,97,805,80,1),(662,316,5,143,1099,15,0),(663,111,10,116,1195,83,0),(664,255,4,104,885,34,0),(665,54,6,138,553,64,1),(666,232,10,125,1503,76,1),(667,130,6,89,809,61,1),(668,175,11,123,1093,46,0),(669,114,13,92,1231,24,1),(670,29,8,99,853,90,0),(671,311,4,115,1719,35,1),(672,67,17,91,478,83,1),(673,193,12,1,1153,1,0),(674,124,7,72,948,8,0),(675,119,10,50,926,40,1),(676,235,1,90,1774,46,0),(677,212,2,59,754,95,1),(678,65,7,33,1491,93,1),(679,51,19,87,1685,25,0),(680,96,8,107,771,42,0),(681,300,16,28,545,89,0),(682,138,15,37,797,29,0),(683,93,7,57,1613,45,0),(684,264,2,118,223,18,0),(685,76,1,77,721,19,0),(686,351,17,139,243,84,0),(687,129,15,125,1508,4,0),(688,285,16,146,81,52,1),(689,148,15,54,1698,56,1),(690,191,13,144,592,31,1),(691,181,9,73,1595,37,0),(692,276,6,144,1587,59,1),(693,120,9,53,357,65,1),(694,361,10,114,1877,66,1),(695,355,3,58,789,39,0),(696,138,12,92,1708,68,1),(697,328,3,87,1414,99,0),(698,218,6,132,1374,88,1),(699,311,5,22,782,60,0),(700,61,1,69,514,30,1),(701,99,11,20,336,87,1),(702,200,6,5,149,48,0),(703,212,11,29,55,13,0),(704,263,17,35,1800,62,1),(705,166,5,90,767,70,0),(706,269,18,7,1191,60,1),(707,110,2,61,489,81,1),(708,265,1,140,598,58,1),(709,107,17,109,998,84,0),(710,123,6,60,1367,49,1),(711,249,11,143,843,48,0),(712,292,7,62,1090,48,0),(713,111,7,36,565,97,1),(714,110,8,52,1062,61,1),(715,45,15,104,1056,28,0),(716,200,11,76,600,17,1),(717,10,19,144,141,86,1),(718,18,3,120,1935,90,1),(719,209,6,61,677,70,1),(720,31,16,147,566,27,0),(721,345,1,132,1150,30,1),(722,105,9,28,546,15,0),(723,295,16,134,874,29,1),(724,164,10,51,1552,67,1),(725,162,11,52,1428,1,0),(726,8,19,34,365,82,1),(727,5,8,80,1902,99,0),(728,291,14,143,1369,90,1),(729,54,10,22,945,39,0),(730,197,11,79,702,93,0),(731,254,13,137,265,60,1),(732,324,10,92,80,47,1),(733,189,4,74,60,88,1),(734,185,17,44,50,79,1),(735,230,18,80,1360,7,0),(736,32,6,133,862,7,1),(737,49,4,107,65,6,1),(738,49,13,38,163,75,0),(739,245,19,84,298,31,0),(740,299,19,119,1329,100,1),(741,135,9,104,445,52,1),(742,289,16,62,1455,97,0),(743,360,13,23,1297,79,1),(744,261,2,25,1870,65,1),(745,179,10,57,494,42,0),(746,142,3,7,891,87,0),(747,276,17,146,1139,72,1),(748,172,14,109,1493,42,0),(749,287,10,17,499,11,0),(750,170,9,75,1824,65,1),(751,350,9,10,1843,49,1),(752,9,11,144,1508,68,1),(753,105,16,40,870,31,0),(754,279,4,12,1692,62,0),(755,350,16,62,1005,32,0),(756,209,12,69,1237,80,0),(757,295,8,63,346,20,1),(758,130,18,5,765,87,1),(759,21,3,51,1125,70,0),(760,120,17,30,1143,21,0),(761,115,19,69,384,22,1),(762,196,11,72,1134,35,1),(763,111,16,122,564,3,0),(764,71,6,29,277,82,0),(765,331,10,82,1769,16,0),(766,348,10,68,785,2,1),(767,257,11,68,1619,33,0),(768,75,4,82,578,89,1),(769,251,6,15,425,39,0),(770,76,14,27,1482,94,1),(771,20,15,27,95,34,0),(772,281,19,111,935,47,0),(773,99,15,74,175,16,0),(774,17,17,126,292,46,1),(775,72,6,60,1046,4,1),(776,41,11,148,1869,19,0),(777,334,19,140,1286,66,0),(778,362,3,94,944,6,0),(779,77,14,107,799,75,1),(780,362,15,95,232,22,1),(781,138,4,96,1607,27,0),(782,116,3,143,1318,23,0),(783,364,15,147,732,19,1),(784,56,6,75,167,13,1),(785,134,19,136,565,93,1),(786,181,9,145,1677,84,1),(787,304,16,77,1186,22,0),(788,326,8,8,75,62,1),(789,258,4,29,1134,96,1),(790,179,4,33,418,56,1),(791,128,19,85,528,79,0),(792,238,3,54,474,60,0),(793,192,2,4,1490,100,1),(794,160,1,112,1621,47,1),(795,66,8,70,332,26,0),(796,316,7,13,1482,46,1),(797,196,18,118,1052,93,0),(798,201,6,7,1638,11,1),(799,67,9,8,892,15,1),(800,282,9,130,821,37,1),(801,244,1,82,1072,37,0),(802,58,3,27,888,80,1),(803,239,2,75,1212,40,1),(804,180,19,59,160,98,0),(805,171,7,50,1050,55,1),(806,331,4,6,566,26,1),(807,208,10,133,1240,17,0),(808,47,16,18,834,39,1),(809,102,12,74,740,35,0),(810,299,8,111,1323,37,1),(811,123,14,122,1322,1,1),(812,328,6,12,683,99,1),(813,142,4,82,1710,61,0),(814,355,10,81,1693,20,0),(815,179,5,100,1137,57,0),(816,48,16,143,177,84,0),(817,99,14,43,1870,54,0),(818,301,14,1,126,20,1),(819,79,18,68,1515,22,1),(820,238,18,69,1286,84,0),(821,217,8,121,1457,31,1),(822,77,2,100,1611,49,0),(823,244,17,140,1422,71,0),(824,200,5,97,413,60,1),(825,226,5,35,653,81,1),(826,20,9,104,443,65,1),(827,55,1,91,1569,19,0),(828,240,7,57,46,95,1),(829,251,8,133,216,84,0),(830,42,15,17,204,100,0),(831,156,4,68,1510,93,1),(832,259,18,146,677,33,1),(833,324,17,140,188,85,0),(834,304,2,118,282,23,0),(835,145,18,23,151,14,0),(836,354,11,8,423,72,1),(837,60,2,65,1649,38,0),(838,149,13,24,1363,95,0),(839,288,9,53,1040,18,1),(840,153,8,63,1640,20,1),(841,178,17,67,39,79,0),(842,119,5,50,859,57,1),(843,331,15,31,395,30,0),(844,335,1,24,785,23,1),(845,114,18,149,99,45,1),(846,232,7,73,572,38,1),(847,294,15,110,570,90,0),(848,292,1,88,906,52,1),(849,14,15,34,785,73,1),(850,81,17,95,4,84,1),(851,101,10,100,1752,53,0),(852,253,9,124,1833,93,0),(853,233,19,19,1558,17,1),(854,266,7,12,1303,12,1),(855,277,14,89,1906,20,0),(856,245,7,99,1339,15,1),(857,304,3,88,1009,47,1),(858,127,4,126,79,79,0),(859,89,16,130,901,25,1),(860,57,15,2,1138,3,0),(861,250,8,121,506,41,1),(862,184,10,41,358,59,0),(863,191,7,139,1651,27,1),(864,110,5,27,716,46,0),(865,9,16,118,851,17,0),(866,177,11,27,754,89,1),(867,229,5,59,307,13,1),(868,3,12,73,619,79,1),(869,336,3,43,205,67,1),(870,249,10,58,1202,100,1),(871,18,6,77,720,19,1),(872,151,6,75,784,11,1),(873,251,3,98,1624,67,0),(874,103,12,73,311,84,1),(875,365,12,126,1892,16,1),(876,23,19,89,1460,2,0),(877,189,16,45,1256,72,0),(878,53,11,44,1077,47,1),(879,114,9,131,1731,42,0),(880,126,8,133,1117,82,1),(881,31,7,24,959,39,0),(882,184,5,19,66,70,0),(883,91,5,24,1820,48,1),(884,194,15,78,1697,78,1),(885,1,18,143,180,44,0),(886,308,15,137,1104,42,1),(887,81,15,43,1828,45,0),(888,19,19,103,1035,39,0),(889,290,8,145,1026,99,1),(890,99,2,113,1496,17,0),(891,121,12,100,1038,75,1),(892,224,19,85,1535,77,0),(893,230,11,87,1687,53,1),(894,207,13,106,690,66,1),(895,195,5,133,531,85,1),(896,281,1,127,997,92,1),(897,300,19,126,1607,80,0),(898,207,6,101,566,72,1),(899,289,16,114,1164,6,1),(900,322,13,33,25,72,0),(901,343,9,130,498,64,1),(902,279,11,4,24,9,1),(903,317,5,63,1721,77,1),(904,258,14,55,1439,15,0),(905,359,19,19,1107,32,1),(906,144,11,28,941,97,1),(907,179,9,105,1733,98,1),(908,343,4,98,707,52,0),(909,235,7,140,567,55,0),(910,46,9,52,1824,81,1),(911,141,11,96,1142,23,1),(912,301,19,68,46,70,0),(913,100,19,145,1812,13,1),(914,271,1,100,680,75,0),(915,126,18,15,381,5,1),(916,107,9,12,152,55,1),(917,157,5,18,810,83,1),(918,206,12,51,108,69,1),(919,138,3,85,1520,53,0),(920,329,2,62,210,70,1),(921,208,7,76,1671,37,0),(922,95,15,98,1411,32,1),(923,262,11,116,1825,96,1),(924,81,10,30,802,75,0),(925,301,10,31,949,25,1),(926,133,15,74,90,43,0),(927,268,5,80,82,6,0),(928,338,18,78,1810,50,0),(929,311,12,65,1061,21,1),(930,260,15,11,989,33,1),(931,357,18,103,243,34,1),(932,272,2,139,1069,19,0),(933,97,8,76,520,70,0),(934,158,17,6,1640,3,0),(935,51,10,60,99,5,1),(936,82,5,84,950,84,0),(937,221,8,103,461,88,1),(938,323,3,26,1586,80,1),(939,192,10,41,1220,85,1),(940,120,11,46,514,17,1),(941,106,14,81,278,25,0),(942,177,7,99,850,73,1),(943,237,13,102,1533,81,0),(944,83,2,54,456,85,0),(945,7,13,46,1804,10,1),(946,154,6,134,1483,35,1),(947,160,13,91,1575,50,1),(948,218,8,106,444,39,1),(949,243,12,97,1562,18,1),(950,93,18,40,285,94,1),(951,256,10,7,676,33,0),(952,49,17,108,1393,55,0),(953,298,3,52,1723,60,0),(954,99,13,140,637,65,0),(955,62,18,30,681,61,1),(956,151,2,66,1449,6,0),(957,211,15,125,77,79,0),(958,18,9,135,157,89,1),(959,286,9,19,1685,75,1),(960,72,1,40,920,33,1),(961,332,11,33,1508,41,1),(962,165,7,104,1486,60,0),(963,95,19,95,455,59,1),(964,238,2,139,1456,46,0),(965,300,18,16,1872,38,0),(966,186,10,1,1261,49,0),(967,207,15,12,1277,62,1),(968,296,1,63,1868,30,1),(969,302,2,76,1067,9,1),(970,74,2,60,771,63,1),(971,309,15,147,118,75,1),(972,323,2,106,314,99,0),(973,91,8,139,848,47,0),(974,87,3,33,1188,99,1),(975,345,16,128,1789,87,1),(976,245,11,66,1381,16,1),(977,148,4,72,521,78,1),(978,17,9,21,85,10,0),(979,291,14,18,273,69,0),(980,222,11,133,1427,6,0),(981,200,7,25,1928,22,1),(982,266,1,115,353,9,0),(983,291,13,61,1395,46,0),(984,314,8,70,291,58,0),(985,117,10,105,1135,51,1),(986,130,6,77,616,15,0),(987,212,19,83,1805,87,0),(988,179,19,100,1521,18,1),(989,61,19,129,922,66,1),(990,362,11,110,1362,37,0),(991,97,11,104,747,32,0),(992,232,15,64,967,33,1),(993,43,18,33,216,66,0),(994,19,4,78,1765,32,0),(995,14,1,135,747,33,0),(996,281,16,73,1594,92,0),(997,180,5,11,788,58,1),(998,296,8,67,1001,35,1),(999,65,19,11,1241,22,0);
/*!40000 ALTER TABLE `FACTPRODUCTION` ENABLE KEYS */;
UNLOCK TABLES;

--
-- Dumping data for table `ITEM`
--

LOCK TABLES `ITEM` WRITE;
/*!40000 ALTER TABLE `ITEM` DISABLE KEYS */;
INSERT INTO `ITEM` VALUES (1,'peixes'),(2,'ovos de galinhas'),(3,'frangos de corte'),(4,'carboidratos'),(5,'hortaliças '),(6,'chás'),(7,'temperos'),(8,'frutíferas '),(9,'madeireiras'),(10,'composto'),(11,'ovos de codorna'),(12,'porquinhos da Índia'),(13,'Aquaponia'),(14,'larvas de moscas'),(15,'ruminantes'),(16,'suínos'),(17,'biodigestor'),(18,'sistema de tratamento de água potável'),(19,'carvoaria artesanal');
/*!40000 ALTER TABLE `ITEM` ENABLE KEYS */;
UNLOCK TABLES;

--
-- Dumping data for table `LOCATION`
--

LOCK TABLES `LOCATION` WRITE;
/*!40000 ALTER TABLE `LOCATION` DISABLE KEYS */;
INSERT INTO `LOCATION` VALUES (1,'São Paulo','SP','Adamantina'),(2,'São Paulo','SP','Adolfo'),(3,'São Paulo','SP','Aguaí'),(4,'São Paulo','SP','Águas da Prata'),(5,'São Paulo','SP','Águas de Lindóia'),(6,'São Paulo','SP','Águas de Santa Bárbara'),(7,'São Paulo','SP','Águas de São Pedro'),(8,'São Paulo','SP','Agudos'),(9,'São Paulo','SP','Alambari'),(10,'São Paulo','SP','Alfredo Marcondes'),(11,'São Paulo','SP','Altair'),(12,'São Paulo','SP','Altinópolis'),(13,'São Paulo','SP','Alto Alegre'),(14,'São Paulo','SP','Alumínio'),(15,'São Paulo','SP','Álvares Florence'),(16,'São Paulo','SP','Álvares Machado'),(17,'São Paulo','SP','Álvaro de Carvalho'),(18,'São Paulo','SP','Alvinlândia'),(19,'São Paulo','SP','Americana'),(20,'São Paulo','SP','Américo Brasiliense'),(21,'São Paulo','SP','Américo de Campos'),(22,'São Paulo','SP','Amparo'),(23,'São Paulo','SP','Analândia'),(24,'São Paulo','SP','Andradina'),(25,'São Paulo','SP','Angatuba'),(26,'São Paulo','SP','Anhembi'),(27,'São Paulo','SP','Anhumas'),(28,'São Paulo','SP','Aparecida'),(29,'São Paulo','SP','Aparecida d\'Oeste'),(30,'São Paulo','SP','Apiaí'),(31,'São Paulo','SP','Araçariguama'),(32,'São Paulo','SP','Araçatuba'),(33,'São Paulo','SP','Araçoiaba da Serra'),(34,'São Paulo','SP','Aramina'),(35,'São Paulo','SP','Arandu'),(36,'São Paulo','SP','Arapeí'),(37,'São Paulo','SP','Araraquara'),(38,'São Paulo','SP','Araras'),(39,'São Paulo','SP','Arco-Íris'),(40,'São Paulo','SP','Arealva'),(41,'São Paulo','SP','Areias'),(42,'São Paulo','SP','Areiópolis'),(43,'São Paulo','SP','Ariranha'),(44,'São Paulo','SP','Artur Nogueira'),(45,'São Paulo','SP','Arujá'),(46,'São Paulo','SP','Aspásia'),(47,'São Paulo','SP','Assis'),(48,'São Paulo','SP','Atibaia'),(49,'São Paulo','SP','Auriflama'),(50,'São Paulo','SP','Avaí'),(51,'São Paulo','SP','Avanhandava'),(52,'São Paulo','SP','Avaré'),(53,'São Paulo','SP','Bady Bassitt'),(54,'São Paulo','SP','Balbinos'),(55,'São Paulo','SP','Bálsamo'),(56,'São Paulo','SP','Bananal'),(57,'São Paulo','SP','Barão de Antonina'),(58,'São Paulo','SP','Barbosa'),(59,'São Paulo','SP','Bariri'),(60,'São Paulo','SP','Barra Bonita'),(61,'São Paulo','SP','Barra do Chapéu'),(62,'São Paulo','SP','Barra do Turvo'),(63,'São Paulo','SP','Barretos'),(64,'São Paulo','SP','Barrinha'),(65,'São Paulo','SP','Barueri'),(66,'São Paulo','SP','Bastos'),(67,'São Paulo','SP','Batatais'),(68,'São Paulo','SP','Bauru'),(69,'São Paulo','SP','Bebedouro'),(70,'São Paulo','SP','Bento de Abreu'),(71,'São Paulo','SP','Bernardino de Campos'),(72,'São Paulo','SP','Bertioga'),(73,'São Paulo','SP','Bilac'),(74,'São Paulo','SP','Birigui'),(75,'São Paulo','SP','Biritiba-Mirim'),(76,'São Paulo','SP','Boa Esperança do Sul'),(77,'São Paulo','SP','Bocaina'),(78,'São Paulo','SP','Bofete'),(79,'São Paulo','SP','Boituva'),(80,'São Paulo','SP','Bom Jesus dos Perdões'),(81,'São Paulo','SP','Bom Sucesso de Itararé'),(82,'São Paulo','SP','Borá'),(83,'São Paulo','SP','Boracéia'),(84,'São Paulo','SP','Borborema'),(85,'São Paulo','SP','Borebi'),(86,'São Paulo','SP','Botucatu'),(87,'São Paulo','SP','Bragança Paulista'),(88,'São Paulo','SP','Braúna'),(89,'São Paulo','SP','Brejo Alegre'),(90,'São Paulo','SP','Brodowski'),(91,'São Paulo','SP','Brotas'),(92,'São Paulo','SP','Buri'),(93,'São Paulo','SP','Buritama'),(94,'São Paulo','SP','Buritizal'),(95,'São Paulo','SP','Cabrália Paulista'),(96,'São Paulo','SP','Cabreúva'),(97,'São Paulo','SP','Caçapava'),(98,'São Paulo','SP','Cachoeira Paulista'),(99,'São Paulo','SP','Caconde'),(100,'São Paulo','SP','Cafelândia'),(101,'São Paulo','SP','Caiabu'),(102,'São Paulo','SP','Caieiras'),(103,'São Paulo','SP','Caiuá'),(104,'São Paulo','SP','Cajamar'),(105,'São Paulo','SP','Cajati'),(106,'São Paulo','SP','Cajobi'),(107,'São Paulo','SP','Cajuru'),(108,'São Paulo','SP','Campina do Monte Alegre'),(109,'São Paulo','SP','Campinas'),(110,'São Paulo','SP','Campo Limpo Paulista'),(111,'São Paulo','SP','Campos do Jordão'),(112,'São Paulo','SP','Campos Novos Paulista'),(113,'São Paulo','SP','Cananéia'),(114,'São Paulo','SP','Canas'),(115,'São Paulo','SP','Cândido Mota'),(116,'São Paulo','SP','Cândido Rodrigues'),(117,'São Paulo','SP','Canitar'),(118,'São Paulo','SP','Capão Bonito'),(119,'São Paulo','SP','Capela do Alto'),(120,'São Paulo','SP','Capivari'),(121,'São Paulo','SP','Caraguatatuba'),(122,'São Paulo','SP','Carapicuíba'),(123,'São Paulo','SP','Cardoso'),(124,'São Paulo','SP','Casa Branca'),(125,'São Paulo','SP','Cássia dos Coqueiros'),(126,'São Paulo','SP','Castilho'),(127,'São Paulo','SP','Catanduva'),(128,'São Paulo','SP','Catiguá'),(129,'São Paulo','SP','Cedral'),(130,'São Paulo','SP','Cerqueira César'),(131,'São Paulo','SP','Cerquilho'),(132,'São Paulo','SP','Cesário Lange'),(133,'São Paulo','SP','Charqueada'),(134,'São Paulo','SP','Chavantes'),(135,'São Paulo','SP','Clementina'),(136,'São Paulo','SP','Colina'),(137,'São Paulo','SP','Colômbia'),(138,'São Paulo','SP','Conchal'),(139,'São Paulo','SP','Conchas'),(140,'São Paulo','SP','Cordeirópolis'),(141,'São Paulo','SP','Coroados'),(142,'São Paulo','SP','Coronel Macedo'),(143,'São Paulo','SP','Corumbataí'),(144,'São Paulo','SP','Cosmópolis'),(145,'São Paulo','SP','Cosmorama'),(146,'São Paulo','SP','Cotia'),(147,'São Paulo','SP','Cravinhos'),(148,'São Paulo','SP','Cristais Paulista'),(149,'São Paulo','SP','Cruzália'),(150,'São Paulo','SP','Cruzeiro'),(151,'São Paulo','SP','Cubatão'),(152,'São Paulo','SP','Cunha'),(153,'São Paulo','SP','Descalvado'),(154,'São Paulo','SP','Diadema'),(155,'São Paulo','SP','Dirce Reis'),(156,'São Paulo','SP','Divinolândia'),(157,'São Paulo','SP','Dobrada'),(158,'São Paulo','SP','Dois Córregos'),(159,'São Paulo','SP','Dolcinópolis'),(160,'São Paulo','SP','Dourado'),(161,'São Paulo','SP','Dracena'),(162,'São Paulo','SP','Duartina'),(163,'São Paulo','SP','Dumont'),(164,'São Paulo','SP','Echaporã'),(165,'São Paulo','SP','Eldorado'),(166,'São Paulo','SP','Elias Fausto'),(167,'São Paulo','SP','Elisiário'),(168,'São Paulo','SP','Embaúba'),(169,'São Paulo','SP','Embu'),(170,'São Paulo','SP','Embu-Guaçu'),(171,'São Paulo','SP','Emilianópolis'),(172,'São Paulo','SP','Engenheiro Coelho'),(173,'São Paulo','SP','Espírito Santo do Pinhal'),(174,'São Paulo','SP','Espírito Santo do Turvo'),(175,'São Paulo','SP','Estiva Gerbi'),(176,'São Paulo','SP','Estrela d\'Oeste'),(177,'São Paulo','SP','Estrela do Norte'),(178,'São Paulo','SP','Euclides da Cunha Paulista'),(179,'São Paulo','SP','Fartura'),(180,'São Paulo','SP','Fernando Prestes'),(181,'São Paulo','SP','Fernandópolis'),(182,'São Paulo','SP','Fernão'),(183,'São Paulo','SP','Ferraz de Vasconcelos'),(184,'São Paulo','SP','Flora Rica'),(185,'São Paulo','SP','Floreal'),(186,'São Paulo','SP','Florínia'),(187,'São Paulo','SP','Flórida Paulista'),(188,'São Paulo','SP','Franca'),(189,'São Paulo','SP','Francisco Morato'),(190,'São Paulo','SP','Franco da Rocha'),(191,'São Paulo','SP','Gabriel Monteiro'),(192,'São Paulo','SP','Gália'),(193,'São Paulo','SP','Garça'),(194,'São Paulo','SP','Gastão Vidigal'),(195,'São Paulo','SP','Gavião Peixoto'),(196,'São Paulo','SP','General Salgado'),(197,'São Paulo','SP','Getulina'),(198,'São Paulo','SP','Glicério'),(199,'São Paulo','SP','Guaiçara'),(200,'São Paulo','SP','Guaimbê'),(201,'São Paulo','SP','Guaíra'),(202,'São Paulo','SP','Guapiaçu'),(203,'São Paulo','SP','Guapiara'),(204,'São Paulo','SP','Guará'),(205,'São Paulo','SP','Guaraçaí'),(206,'São Paulo','SP','Guaraci'),(207,'São Paulo','SP','Guarani d\'Oeste'),(208,'São Paulo','SP','Guarantã'),(209,'São Paulo','SP','Guararapes'),(210,'São Paulo','SP','Guararema'),(211,'São Paulo','SP','Guaratinguetá'),(212,'São Paulo','SP','Guareí'),(213,'São Paulo','SP','Guariba'),(214,'São Paulo','SP','Guarujá'),(215,'São Paulo','SP','Guarulhos'),(216,'São Paulo','SP','Guatapará'),(217,'São Paulo','SP','Guzolândia'),(218,'São Paulo','SP','Herculândia'),(219,'São Paulo','SP','Holambra'),(220,'São Paulo','SP','Hortolândia'),(221,'São Paulo','SP','Iacanga'),(222,'São Paulo','SP','Iacri'),(223,'São Paulo','SP','Iaras'),(224,'São Paulo','SP','Ibaté'),(225,'São Paulo','SP','Ibirá'),(226,'São Paulo','SP','Ibirarema'),(227,'São Paulo','SP','Ibitinga'),(228,'São Paulo','SP','Ibiúna'),(229,'São Paulo','SP','Icém'),(230,'São Paulo','SP','Iepê'),(231,'São Paulo','SP','Igaraçu do Tietê'),(232,'São Paulo','SP','Igarapava'),(233,'São Paulo','SP','Igaratá'),(234,'São Paulo','SP','Iguape'),(235,'São Paulo','SP','Ilha Comprida'),(236,'São Paulo','SP','Ilha Solteira'),(237,'São Paulo','SP','Ilhabela'),(238,'São Paulo','SP','Indaiatuba'),(239,'São Paulo','SP','Indiana'),(240,'São Paulo','SP','Indiaporã'),(241,'São Paulo','SP','Inúbia Paulista'),(242,'São Paulo','SP','Ipauçu'),(243,'São Paulo','SP','Iperó'),(244,'São Paulo','SP','Ipeúna'),(245,'São Paulo','SP','Ipiguá'),(246,'São Paulo','SP','Iporanga'),(247,'São Paulo','SP','Ipuã'),(248,'São Paulo','SP','Iracemápolis'),(249,'São Paulo','SP','Irapuã'),(250,'São Paulo','SP','Irapuru'),(251,'São Paulo','SP','Itaberá'),(252,'São Paulo','SP','Itaí'),(253,'São Paulo','SP','Itajobi'),(254,'São Paulo','SP','Itaju'),(255,'São Paulo','SP','Itanhaém'),(256,'São Paulo','SP','Itaóca'),(257,'São Paulo','SP','Itapecerica da Serra'),(258,'São Paulo','SP','Itapetininga'),(259,'São Paulo','SP','Itapeva'),(260,'São Paulo','SP','Itapevi'),(261,'São Paulo','SP','Itapira'),(262,'São Paulo','SP','Itapirapuã Paulista'),(263,'São Paulo','SP','Itápolis'),(264,'São Paulo','SP','Itaporanga'),(265,'São Paulo','SP','Itapuí'),(266,'São Paulo','SP','Itapura'),(267,'São Paulo','SP','Itaquaquecetuba'),(268,'São Paulo','SP','Itararé'),(269,'São Paulo','SP','Itariri'),(270,'São Paulo','SP','Itatiba'),(271,'São Paulo','SP','Itatinga'),(272,'São Paulo','SP','Itirapina'),(273,'São Paulo','SP','Itirapuã'),(274,'São Paulo','SP','Itobi'),(275,'São Paulo','SP','Itu'),(276,'São Paulo','SP','Itupeva'),(277,'São Paulo','SP','Ituverava'),(278,'São Paulo','SP','Jaborandi'),(279,'São Paulo','SP','Jaboticabal'),(280,'São Paulo','SP','Jacareí'),(281,'São Paulo','SP','Jaci'),(282,'São Paulo','SP','Jacupiranga'),(283,'São Paulo','SP','Jaguariúna'),(284,'São Paulo','SP','Jales'),(285,'São Paulo','SP','Jambeiro'),(286,'São Paulo','SP','Jandira'),(287,'São Paulo','SP','Jardinópolis'),(288,'São Paulo','SP','Jarinu'),(289,'São Paulo','SP','Jaú'),(290,'São Paulo','SP','Jeriquara'),(291,'São Paulo','SP','Joanópolis'),(292,'São Paulo','SP','João Ramalho'),(293,'São Paulo','SP','José Bonifácio'),(294,'São Paulo','SP','Júlio Mesquita'),(295,'São Paulo','SP','Jumirim'),(296,'São Paulo','SP','Jundiaí'),(297,'São Paulo','SP','Junqueirópolis'),(298,'São Paulo','SP','Juquiá'),(299,'São Paulo','SP','Juquitiba'),(300,'São Paulo','SP','Lagoinha'),(301,'São Paulo','SP','Laranjal Paulista'),(302,'São Paulo','SP','Lavínia'),(303,'São Paulo','SP','Lavrinhas'),(304,'São Paulo','SP','Leme'),(305,'São Paulo','SP','Lençóis Paulista'),(306,'São Paulo','SP','Limeira'),(307,'São Paulo','SP','Lindóia'),(308,'São Paulo','SP','Lins'),(309,'São Paulo','SP','Lorena'),(310,'São Paulo','SP','Lourdes'),(311,'São Paulo','SP','Louveira'),(312,'São Paulo','SP','Lucélia'),(313,'São Paulo','SP','Lucianópolis'),(314,'São Paulo','SP','Luís Antônio'),(315,'São Paulo','SP','Luiziânia'),(316,'São Paulo','SP','Lupércio'),(317,'São Paulo','SP','Lutécia'),(318,'São Paulo','SP','Macatuba'),(319,'São Paulo','SP','Macaubal'),(320,'São Paulo','SP','Macedônia'),(321,'São Paulo','SP','Magda'),(322,'São Paulo','SP','Mairinque'),(323,'São Paulo','SP','Mairiporã'),(324,'São Paulo','SP','Manduri'),(325,'São Paulo','SP','Marabá Paulista'),(326,'São Paulo','SP','Maracaí'),(327,'São Paulo','SP','Marapoama'),(328,'São Paulo','SP','Mariápolis'),(329,'São Paulo','SP','Marília'),(330,'São Paulo','SP','Marinópolis'),(331,'São Paulo','SP','Martinópolis'),(332,'São Paulo','SP','Matão'),(333,'São Paulo','SP','Mauá'),(334,'São Paulo','SP','Mendonça'),(335,'São Paulo','SP','Meridiano'),(336,'São Paulo','SP','Mesópolis'),(337,'São Paulo','SP','Miguelópolis'),(338,'São Paulo','SP','Mineiros do Tietê'),(339,'São Paulo','SP','Mira Estrela'),(340,'São Paulo','SP','Miracatu'),(341,'São Paulo','SP','Mirandópolis'),(342,'São Paulo','SP','Mirante do Paranapanema'),(343,'São Paulo','SP','Mirassol'),(344,'São Paulo','SP','Mirassolândia'),(345,'São Paulo','SP','Mococa'),(346,'São Paulo','SP','Mogi das Cruzes'),(347,'São Paulo','SP','Mogi Guaçu'),(348,'São Paulo','SP','Mogi-Mirim'),(349,'São Paulo','SP','Mombuca'),(350,'São Paulo','SP','Monções'),(351,'São Paulo','SP','Mongaguá'),(352,'São Paulo','SP','Monte Alegre do Sul'),(353,'São Paulo','SP','Monte Alto'),(354,'São Paulo','SP','Monte Aprazível'),(355,'São Paulo','SP','Monte Azul Paulista'),(356,'São Paulo','SP','Monte Castelo'),(357,'São Paulo','SP','Monte Mor'),(358,'São Paulo','SP','Monteiro Lobato'),(359,'São Paulo','SP','Morro Agudo'),(360,'São Paulo','SP','Morungaba'),(361,'São Paulo','SP','Motuca'),(362,'São Paulo','SP','Murutinga do Sul'),(363,'São Paulo','SP','Nantes'),(364,'São Paulo','SP','Narandiba'),(365,'São Paulo','SP','Natividade da Serra'),(366,'São Paulo','SP','Nazaré Paulista'),(367,'São Paulo','SP','Neves Paulista'),(368,'São Paulo','SP','Nhandeara'),(369,'São Paulo','SP','Nipoã'),(370,'São Paulo','SP','Nova Aliança'),(371,'São Paulo','SP','Nova Campina'),(372,'São Paulo','SP','Nova Canaã Paulista'),(373,'São Paulo','SP','Nova Castilho'),(374,'São Paulo','SP','Nova Europa'),(375,'São Paulo','SP','Nova Granada'),(376,'São Paulo','SP','Nova Guataporanga'),(377,'São Paulo','SP','Nova Independência'),(378,'São Paulo','SP','Nova Luzitânia'),(379,'São Paulo','SP','Nova Odessa'),(380,'São Paulo','SP','Novais'),(381,'São Paulo','SP','Novo Horizonte'),(382,'São Paulo','SP','Nuporanga'),(383,'São Paulo','SP','Ocauçu'),(384,'São Paulo','SP','Óleo'),(385,'São Paulo','SP','Olímpia'),(386,'São Paulo','SP','Onda Verde'),(387,'São Paulo','SP','Oriente'),(388,'São Paulo','SP','Orindiúva'),(389,'São Paulo','SP','Orlândia'),(390,'São Paulo','SP','Osasco'),(391,'São Paulo','SP','Oscar Bressane'),(392,'São Paulo','SP','Osvaldo Cruz'),(393,'São Paulo','SP','Ourinhos'),(394,'São Paulo','SP','Ouro Verde'),(395,'São Paulo','SP','Ouroeste'),(396,'São Paulo','SP','Pacaembu'),(397,'São Paulo','SP','Palestina'),(398,'São Paulo','SP','Palmares Paulista'),(399,'São Paulo','SP','Palmeira d\'Oeste'),(400,'São Paulo','SP','Palmital'),(401,'São Paulo','SP','Panorama'),(402,'São Paulo','SP','Paraguaçu Paulista'),(403,'São Paulo','SP','Paraibuna'),(404,'São Paulo','SP','Paraíso'),(405,'São Paulo','SP','Paranapanema'),(406,'São Paulo','SP','Paranapuã'),(407,'São Paulo','SP','Parapuã'),(408,'São Paulo','SP','Pardinho'),(409,'São Paulo','SP','Pariquera-Açu'),(410,'São Paulo','SP','Parisi'),(411,'São Paulo','SP','Patrocínio Paulista'),(412,'São Paulo','SP','Paulicéia'),(413,'São Paulo','SP','Paulínia'),(414,'São Paulo','SP','Paulistânia'),(415,'São Paulo','SP','Paulo de Faria'),(416,'São Paulo','SP','Pederneiras'),(417,'São Paulo','SP','Pedra Bela'),(418,'São Paulo','SP','Pedranópolis'),(419,'São Paulo','SP','Pedregulho'),(420,'São Paulo','SP','Pedreira'),(421,'São Paulo','SP','Pedrinhas Paulista'),(422,'São Paulo','SP','Pedro de Toledo'),(423,'São Paulo','SP','Penápolis'),(424,'São Paulo','SP','Pereira Barreto'),(425,'São Paulo','SP','Pereiras'),(426,'São Paulo','SP','Peruíbe'),(427,'São Paulo','SP','Piacatu'),(428,'São Paulo','SP','Piedade'),(429,'São Paulo','SP','Pilar do Sul'),(430,'São Paulo','SP','Pindamonhangaba'),(431,'São Paulo','SP','Pindorama'),(432,'São Paulo','SP','Pinhalzinho'),(433,'São Paulo','SP','Piquerobi'),(434,'São Paulo','SP','Piquete'),(435,'São Paulo','SP','Piracaia'),(436,'São Paulo','SP','Piracicaba'),(437,'São Paulo','SP','Piraju'),(438,'São Paulo','SP','Pirajuí'),(439,'São Paulo','SP','Pirangi'),(440,'São Paulo','SP','Pirapora do Bom Jesus'),(441,'São Paulo','SP','Pirapozinho'),(442,'São Paulo','SP','Pirassununga'),(443,'São Paulo','SP','Piratininga'),(444,'São Paulo','SP','Pitangueiras'),(445,'São Paulo','SP','Planalto'),(446,'São Paulo','SP','Platina'),(447,'São Paulo','SP','Poá'),(448,'São Paulo','SP','Poloni'),(449,'São Paulo','SP','Pompéia'),(450,'São Paulo','SP','Pongaí'),(451,'São Paulo','SP','Pontal'),(452,'São Paulo','SP','Pontalinda'),(453,'São Paulo','SP','Pontes Gestal'),(454,'São Paulo','SP','Populina'),(455,'São Paulo','SP','Porangaba'),(456,'São Paulo','SP','Porto Feliz'),(457,'São Paulo','SP','Porto Ferreira'),(458,'São Paulo','SP','Potim'),(459,'São Paulo','SP','Potirendaba'),(460,'São Paulo','SP','Pracinha'),(461,'São Paulo','SP','Pradópolis'),(462,'São Paulo','SP','Praia Grande'),(463,'São Paulo','SP','Pratânia'),(464,'São Paulo','SP','Presidente Alves'),(465,'São Paulo','SP','Presidente Bernardes'),(466,'São Paulo','SP','Presidente Epitácio'),(467,'São Paulo','SP','Presidente Prudente'),(468,'São Paulo','SP','Presidente Venceslau'),(469,'São Paulo','SP','Promissão'),(470,'São Paulo','SP','Quadra'),(471,'São Paulo','SP','Quatá'),(472,'São Paulo','SP','Queiroz'),(473,'São Paulo','SP','Queluz'),(474,'São Paulo','SP','Quintana'),(475,'São Paulo','SP','Rafard'),(476,'São Paulo','SP','Rancharia'),(477,'São Paulo','SP','Redenção da Serra'),(478,'São Paulo','SP','Regente Feijó'),(479,'São Paulo','SP','Reginópolis'),(480,'São Paulo','SP','Registro'),(481,'São Paulo','SP','Restinga'),(482,'São Paulo','SP','Ribeira'),(483,'São Paulo','SP','Ribeirão Bonito'),(484,'São Paulo','SP','Ribeirão Branco'),(485,'São Paulo','SP','Ribeirão Corrente'),(486,'São Paulo','SP','Ribeirão do Sul'),(487,'São Paulo','SP','Ribeirão dos Índios'),(488,'São Paulo','SP','Ribeirão Grande'),(489,'São Paulo','SP','Ribeirão Pires'),(490,'São Paulo','SP','Ribeirão Preto'),(491,'São Paulo','SP','Rifaina'),(492,'São Paulo','SP','Rincão'),(493,'São Paulo','SP','Rinópolis'),(494,'São Paulo','SP','Rio Claro'),(495,'São Paulo','SP','Rio das Pedras'),(496,'São Paulo','SP','Rio Grande da Serra'),(497,'São Paulo','SP','Riolândia'),(498,'São Paulo','SP','Riversul'),(499,'São Paulo','SP','Rosana'),(500,'São Paulo','SP','Roseira'),(501,'São Paulo','SP','Rubiácea'),(502,'São Paulo','SP','Rubinéia'),(503,'São Paulo','SP','Sabino'),(504,'São Paulo','SP','Sagres'),(505,'São Paulo','SP','Sales'),(506,'São Paulo','SP','Sales Oliveira'),(507,'São Paulo','SP','Salesópolis'),(508,'São Paulo','SP','Salmourão'),(509,'São Paulo','SP','Saltinho'),(510,'São Paulo','SP','Salto'),(511,'São Paulo','SP','Salto de Pirapora'),(512,'São Paulo','SP','Salto Grande'),(513,'São Paulo','SP','Sandovalina'),(514,'São Paulo','SP','Santa Adélia'),(515,'São Paulo','SP','Santa Albertina'),(516,'São Paulo','SP','Santa Bárbara d\'Oeste'),(517,'São Paulo','SP','Santa Branca'),(518,'São Paulo','SP','Santa Clara d\'Oeste'),(519,'São Paulo','SP','Santa Cruz da Conceição'),(520,'São Paulo','SP','Santa Cruz da Esperança'),(521,'São Paulo','SP','Santa Cruz das Palmeiras'),(522,'São Paulo','SP','Santa Cruz do Rio Pardo'),(523,'São Paulo','SP','Santa Ernestina'),(524,'São Paulo','SP','Santa Fé do Sul'),(525,'São Paulo','SP','Santa Gertrudes'),(526,'São Paulo','SP','Santa Isabel'),(527,'São Paulo','SP','Santa Lúcia'),(528,'São Paulo','SP','Santa Maria da Serra'),(529,'São Paulo','SP','Santa Mercedes'),(530,'São Paulo','SP','Santa Rita d\'Oeste'),(531,'São Paulo','SP','Santa Rita do Passa Quatro'),(532,'São Paulo','SP','Santa Rosa de Viterbo'),(533,'São Paulo','SP','Santa Salete'),(534,'São Paulo','SP','Santana da Ponte Pensa'),(535,'São Paulo','SP','Santana de Parnaíba'),(536,'São Paulo','SP','Santo Anastácio'),(537,'São Paulo','SP','Santo André'),(538,'São Paulo','SP','Santo Antônio da Alegria'),(539,'São Paulo','SP','Santo Antônio de Posse'),(540,'São Paulo','SP','Santo Antônio do Aracanguá'),(541,'São Paulo','SP','Santo Antônio do Jardim'),(542,'São Paulo','SP','Santo Antônio do Pinhal'),(543,'São Paulo','SP','Santo Expedito'),(544,'São Paulo','SP','Santópolis do Aguapeí'),(545,'São Paulo','SP','Santos'),(546,'São Paulo','SP','São Bento do Sapucaí'),(547,'São Paulo','SP','São Bernardo do Campo'),(548,'São Paulo','SP','São Caetano do Sul'),(549,'São Paulo','SP','São Carlos'),(550,'São Paulo','SP','São Francisco'),(551,'São Paulo','SP','São João da Boa Vista'),(552,'São Paulo','SP','São João das Duas Pontes'),(553,'São Paulo','SP','São João de Iracema'),(554,'São Paulo','SP','São João do Pau d\'Alho'),(555,'São Paulo','SP','São Joaquim da Barra'),(556,'São Paulo','SP','São José da Bela Vista'),(557,'São Paulo','SP','São José do Barreiro'),(558,'São Paulo','SP','São José do Rio Pardo'),(559,'São Paulo','SP','São José do Rio Preto'),(560,'São Paulo','SP','São José dos Campos'),(561,'São Paulo','SP','São Lourenço da Serra'),(562,'São Paulo','SP','São Luís do Paraitinga'),(563,'São Paulo','SP','São Manuel'),(564,'São Paulo','SP','São Miguel Arcanjo'),(565,'São Paulo','SP','São Paulo'),(566,'São Paulo','SP','São Pedro'),(567,'São Paulo','SP','São Pedro do Turvo'),(568,'São Paulo','SP','São Roque'),(569,'São Paulo','SP','São Sebastião'),(570,'São Paulo','SP','São Sebastião da Grama'),(571,'São Paulo','SP','São Simão'),(572,'São Paulo','SP','São Vicente'),(573,'São Paulo','SP','Sarapuí'),(574,'São Paulo','SP','Sarutaiá'),(575,'São Paulo','SP','Sebastianópolis do Sul'),(576,'São Paulo','SP','Serra Azul'),(577,'São Paulo','SP','Serra Negra'),(578,'São Paulo','SP','Serrana'),(579,'São Paulo','SP','Sertãozinho'),(580,'São Paulo','SP','Sete Barras'),(581,'São Paulo','SP','Severínia'),(582,'São Paulo','SP','Silveiras'),(583,'São Paulo','SP','Socorro'),(584,'São Paulo','SP','Sorocaba'),(585,'São Paulo','SP','Sud Mennucci'),(586,'São Paulo','SP','Sumaré'),(587,'São Paulo','SP','Suzanápolis'),(588,'São Paulo','SP','Suzano'),(589,'São Paulo','SP','Tabapuã'),(590,'São Paulo','SP','Tabatinga'),(591,'São Paulo','SP','Taboão da Serra'),(592,'São Paulo','SP','Taciba'),(593,'São Paulo','SP','Taguaí'),(594,'São Paulo','SP','Taiaçu'),(595,'São Paulo','SP','Taiúva'),(596,'São Paulo','SP','Tambaú'),(597,'São Paulo','SP','Tanabi'),(598,'São Paulo','SP','Tapiraí'),(599,'São Paulo','SP','Tapiratiba'),(600,'São Paulo','SP','Taquaral'),(601,'São Paulo','SP','Taquaritinga'),(602,'São Paulo','SP','Taquarituba'),(603,'São Paulo','SP','Taquarivaí'),(604,'São Paulo','SP','Tarabai'),(605,'São Paulo','SP','Tarumã'),(606,'São Paulo','SP','Tatuí'),(607,'São Paulo','SP','Taubaté'),(608,'São Paulo','SP','Tejupá'),(609,'São Paulo','SP','Teodoro Sampaio'),(610,'São Paulo','SP','Terra Roxa'),(611,'São Paulo','SP','Tietê'),(612,'São Paulo','SP','Timburi'),(613,'São Paulo','SP','Torre de Pedra'),(614,'São Paulo','SP','Torrinha'),(615,'São Paulo','SP','Trabiju'),(616,'São Paulo','SP','Tremembé'),(617,'São Paulo','SP','Três Fronteiras'),(618,'São Paulo','SP','Tuiuti'),(619,'São Paulo','SP','Tupã'),(620,'São Paulo','SP','Tupi Paulista'),(621,'São Paulo','SP','Turiúba'),(622,'São Paulo','SP','Turmalina'),(623,'São Paulo','SP','Ubarana'),(624,'São Paulo','SP','Ubatuba'),(625,'São Paulo','SP','Ubirajara'),(626,'São Paulo','SP','Uchoa'),(627,'São Paulo','SP','União Paulista'),(628,'São Paulo','SP','Urânia'),(629,'São Paulo','SP','Uru'),(630,'São Paulo','SP','Urupês'),(631,'São Paulo','SP','Valentim Gentil'),(632,'São Paulo','SP','Valinhos'),(633,'São Paulo','SP','Valparaíso'),(634,'São Paulo','SP','Vargem'),(635,'São Paulo','SP','Vargem Grande do Sul'),(636,'São Paulo','SP','Vargem Grande Paulista'),(637,'São Paulo','SP','Várzea Paulista'),(638,'São Paulo','SP','Vera Cruz'),(639,'São Paulo','SP','Vinhedo'),(640,'São Paulo','SP','Viradouro'),(641,'São Paulo','SP','Vista Alegre do Alto'),(642,'São Paulo','SP','Vitória Brasil'),(643,'São Paulo','SP','Votorantim'),(644,'São Paulo','SP','Votuporanga'),(645,'São Paulo','SP','Zacarias'),(646,'Rio Grande do Sul','RS','Água Santa'),(647,'Rio Grande do Sul','RS','Agudo'),(648,'Rio Grande do Sul','RS','Ajuricaba'),(649,'Rio Grande do Sul','RS','Alecrim'),(650,'Rio Grande do Sul','RS','Alegrete'),(651,'Rio Grande do Sul','RS','Alegria'),(652,'Rio Grande do Sul','RS','Alpestre'),(653,'Rio Grande do Sul','RS','Alto Alegre'),(654,'Rio Grande do Sul','RS','Alto Feliz'),(655,'Rio Grande do Sul','RS','Alvorada'),(656,'Rio Grande do Sul','RS','Amaral Ferrador'),(657,'Rio Grande do Sul','RS','Ametista do Sul'),(658,'Rio Grande do Sul','RS','André da Rocha'),(659,'Rio Grande do Sul','RS','Anta Gorda'),(660,'Rio Grande do Sul','RS','Antônio Prado'),(661,'Rio Grande do Sul','RS','Arambaré'),(662,'Rio Grande do Sul','RS','Araricá'),(663,'Rio Grande do Sul','RS','Aratiba'),(664,'Rio Grande do Sul','RS','Arroio do Meio'),(665,'Rio Grande do Sul','RS','Arroio do Sal'),(666,'Rio Grande do Sul','RS','Arroio do Tigre'),(667,'Rio Grande do Sul','RS','Arroio dos Ratos'),(668,'Rio Grande do Sul','RS','Arroio Grande'),(669,'Rio Grande do Sul','RS','Arvorezinha'),(670,'Rio Grande do Sul','RS','Augusto Pestana'),(671,'Rio Grande do Sul','RS','Áurea'),(672,'Rio Grande do Sul','RS','Bagé'),(673,'Rio Grande do Sul','RS','Balneário Pinhal'),(674,'Rio Grande do Sul','RS','Barão'),(675,'Rio Grande do Sul','RS','Barão de Cotegipe'),(676,'Rio Grande do Sul','RS','Barão do Triunfo'),(677,'Rio Grande do Sul','RS','Barra do Guarita'),(678,'Rio Grande do Sul','RS','Barra do Quaraí'),(679,'Rio Grande do Sul','RS','Barra do Ribeiro'),(680,'Rio Grande do Sul','RS','Barra do Rio Azul'),(681,'Rio Grande do Sul','RS','Barra Funda'),(682,'Rio Grande do Sul','RS','Barracão'),(683,'Rio Grande do Sul','RS','Barros Cassal'),(684,'Rio Grande do Sul','RS','Benjamin Constant do Sul'),(685,'Rio Grande do Sul','RS','Bento Gonçalves'),(686,'Rio Grande do Sul','RS','Boa Vista das Missões'),(687,'Rio Grande do Sul','RS','Boa Vista do Buricá'),(688,'Rio Grande do Sul','RS','Boa Vista do Sul'),(689,'Rio Grande do Sul','RS','Bom Jesus'),(690,'Rio Grande do Sul','RS','Bom Princípio'),(691,'Rio Grande do Sul','RS','Bom Progresso'),(692,'Rio Grande do Sul','RS','Bom Retiro do Sul'),(693,'Rio Grande do Sul','RS','Boqueirão do Leão'),(694,'Rio Grande do Sul','RS','Bossoroca'),(695,'Rio Grande do Sul','RS','Braga'),(696,'Rio Grande do Sul','RS','Brochier'),(697,'Rio Grande do Sul','RS','Butiá'),(698,'Rio Grande do Sul','RS','Caçapava do Sul'),(699,'Rio Grande do Sul','RS','Cacequi'),(700,'Rio Grande do Sul','RS','Cachoeira do Sul'),(701,'Rio Grande do Sul','RS','Cachoeirinha'),(702,'Rio Grande do Sul','RS','Cacique Doble'),(703,'Rio Grande do Sul','RS','Caibaté'),(704,'Rio Grande do Sul','RS','Caiçara'),(705,'Rio Grande do Sul','RS','Camaquã'),(706,'Rio Grande do Sul','RS','Camargo'),(707,'Rio Grande do Sul','RS','Cambará do Sul'),(708,'Rio Grande do Sul','RS','Campestre da Serra'),(709,'Rio Grande do Sul','RS','Campina das Missões'),(710,'Rio Grande do Sul','RS','Campinas do Sul'),(711,'Rio Grande do Sul','RS','Campo Bom'),(712,'Rio Grande do Sul','RS','Campo Novo'),(713,'Rio Grande do Sul','RS','Campos Borges'),(714,'Rio Grande do Sul','RS','Candelária'),(715,'Rio Grande do Sul','RS','Cândido Godói'),(716,'Rio Grande do Sul','RS','Candiota'),(717,'Rio Grande do Sul','RS','Canela'),(718,'Rio Grande do Sul','RS','Canguçu'),(719,'Rio Grande do Sul','RS','Canoas'),(720,'Rio Grande do Sul','RS','Capão da Canoa'),(721,'Rio Grande do Sul','RS','Capão do Leão'),(722,'Rio Grande do Sul','RS','Capela de Santana'),(723,'Rio Grande do Sul','RS','Capitão'),(724,'Rio Grande do Sul','RS','Capivari do Sul'),(725,'Rio Grande do Sul','RS','Caraá'),(726,'Rio Grande do Sul','RS','Carazinho'),(727,'Rio Grande do Sul','RS','Carlos Barbosa'),(728,'Rio Grande do Sul','RS','Carlos Gomes'),(729,'Rio Grande do Sul','RS','Casca'),(730,'Rio Grande do Sul','RS','Caseiros'),(731,'Rio Grande do Sul','RS','Catuípe'),(732,'Rio Grande do Sul','RS','Caxias do Sul'),(733,'Rio Grande do Sul','RS','Centenário'),(734,'Rio Grande do Sul','RS','Cerrito'),(735,'Rio Grande do Sul','RS','Cerro Branco'),(736,'Rio Grande do Sul','RS','Cerro Grande'),(737,'Rio Grande do Sul','RS','Cerro Grande do Sul'),(738,'Rio Grande do Sul','RS','Cerro Largo'),(739,'Rio Grande do Sul','RS','Chapada'),(740,'Rio Grande do Sul','RS','Charqueadas'),(741,'Rio Grande do Sul','RS','Charrua'),(742,'Rio Grande do Sul','RS','Chiapeta'),(743,'Rio Grande do Sul','RS','Chuí'),(744,'Rio Grande do Sul','RS','Chuvisca'),(745,'Rio Grande do Sul','RS','Cidreira'),(746,'Rio Grande do Sul','RS','Ciríaco'),(747,'Rio Grande do Sul','RS','Colinas'),(748,'Rio Grande do Sul','RS','Colorado'),(749,'Rio Grande do Sul','RS','Condor'),(750,'Rio Grande do Sul','RS','Constantina'),(751,'Rio Grande do Sul','RS','Coqueiros do Sul'),(752,'Rio Grande do Sul','RS','Coronel Barros'),(753,'Rio Grande do Sul','RS','Coronel Bicaco'),(754,'Rio Grande do Sul','RS','Cotiporã'),(755,'Rio Grande do Sul','RS','Coxilha'),(756,'Rio Grande do Sul','RS','Crissiumal'),(757,'Rio Grande do Sul','RS','Cristal'),(758,'Rio Grande do Sul','RS','Cristal do Sul'),(759,'Rio Grande do Sul','RS','Cruz Alta'),(760,'Rio Grande do Sul','RS','Cruzeiro do Sul'),(761,'Rio Grande do Sul','RS','David Canabarro'),(762,'Rio Grande do Sul','RS','Derrubadas'),(763,'Rio Grande do Sul','RS','Dezesseis de Novembro'),(764,'Rio Grande do Sul','RS','Dilermando de Aguiar'),(765,'Rio Grande do Sul','RS','Dois Irmãos'),(766,'Rio Grande do Sul','RS','Dois Irmãos das Missões'),(767,'Rio Grande do Sul','RS','Dois Lajeados'),(768,'Rio Grande do Sul','RS','Dom Feliciano'),(769,'Rio Grande do Sul','RS','Dom Pedrito'),(770,'Rio Grande do Sul','RS','Dom Pedro de Alcântara'),(771,'Rio Grande do Sul','RS','Dona Francisca'),(772,'Rio Grande do Sul','RS','Doutor Maurício Cardoso'),(773,'Rio Grande do Sul','RS','Doutor Ricardo'),(774,'Rio Grande do Sul','RS','Eldorado do Sul'),(775,'Rio Grande do Sul','RS','Encantado'),(776,'Rio Grande do Sul','RS','Encruzilhada do Sul'),(777,'Rio Grande do Sul','RS','Engenho Velho'),(778,'Rio Grande do Sul','RS','Entre Rios do Sul'),(779,'Rio Grande do Sul','RS','Entre-Ijuís'),(780,'Rio Grande do Sul','RS','Erebango'),(781,'Rio Grande do Sul','RS','Erechim'),(782,'Rio Grande do Sul','RS','Ernestina'),(783,'Rio Grande do Sul','RS','Erval Grande'),(784,'Rio Grande do Sul','RS','Erval Seco'),(785,'Rio Grande do Sul','RS','Esmeralda'),(786,'Rio Grande do Sul','RS','Esperança do Sul'),(787,'Rio Grande do Sul','RS','Espumoso'),(788,'Rio Grande do Sul','RS','Estação'),(789,'Rio Grande do Sul','RS','Estância Velha'),(790,'Rio Grande do Sul','RS','Esteio'),(791,'Rio Grande do Sul','RS','Estrela'),(792,'Rio Grande do Sul','RS','Estrela Velha'),(793,'Rio Grande do Sul','RS','Eugênio de Castro'),(794,'Rio Grande do Sul','RS','Fagundes Varela'),(795,'Rio Grande do Sul','RS','Farroupilha'),(796,'Rio Grande do Sul','RS','Faxinal do Soturno'),(797,'Rio Grande do Sul','RS','Faxinalzinho'),(798,'Rio Grande do Sul','RS','Fazenda Vilanova'),(799,'Rio Grande do Sul','RS','Feliz'),(800,'Rio Grande do Sul','RS','Flores da Cunha'),(801,'Rio Grande do Sul','RS','Floriano Peixoto'),(802,'Rio Grande do Sul','RS','Fontoura Xavier'),(803,'Rio Grande do Sul','RS','Formigueiro'),(804,'Rio Grande do Sul','RS','Fortaleza dos Valos'),(805,'Rio Grande do Sul','RS','Frederico Westphalen'),(806,'Rio Grande do Sul','RS','Garibaldi'),(807,'Rio Grande do Sul','RS','Garruchos'),(808,'Rio Grande do Sul','RS','Gaurama'),(809,'Rio Grande do Sul','RS','General Câmara'),(810,'Rio Grande do Sul','RS','Gentil'),(811,'Rio Grande do Sul','RS','Getúlio Vargas'),(812,'Rio Grande do Sul','RS','Giruá'),(813,'Rio Grande do Sul','RS','Glorinha'),(814,'Rio Grande do Sul','RS','Gramado'),(815,'Rio Grande do Sul','RS','Gramado dos Loureiros'),(816,'Rio Grande do Sul','RS','Gramado Xavier'),(817,'Rio Grande do Sul','RS','Gravataí'),(818,'Rio Grande do Sul','RS','Guabiju'),(819,'Rio Grande do Sul','RS','Guaíba'),(820,'Rio Grande do Sul','RS','Guaporé'),(821,'Rio Grande do Sul','RS','Guarani das Missões'),(822,'Rio Grande do Sul','RS','Harmonia'),(823,'Rio Grande do Sul','RS','Herval'),(824,'Rio Grande do Sul','RS','Herveiras'),(825,'Rio Grande do Sul','RS','Horizontina'),(826,'Rio Grande do Sul','RS','Hulha Negra'),(827,'Rio Grande do Sul','RS','Humaitá'),(828,'Rio Grande do Sul','RS','Ibarama'),(829,'Rio Grande do Sul','RS','Ibiaçá'),(830,'Rio Grande do Sul','RS','Ibiraiaras'),(831,'Rio Grande do Sul','RS','Ibirapuitã'),(832,'Rio Grande do Sul','RS','Ibirubá'),(833,'Rio Grande do Sul','RS','Igrejinha'),(834,'Rio Grande do Sul','RS','Ijuí'),(835,'Rio Grande do Sul','RS','Ilópolis'),(836,'Rio Grande do Sul','RS','Imbé'),(837,'Rio Grande do Sul','RS','Imigrante'),(838,'Rio Grande do Sul','RS','Independência'),(839,'Rio Grande do Sul','RS','Inhacorá'),(840,'Rio Grande do Sul','RS','Ipê'),(841,'Rio Grande do Sul','RS','Ipiranga do Sul'),(842,'Rio Grande do Sul','RS','Iraí'),(843,'Rio Grande do Sul','RS','Itaara'),(844,'Rio Grande do Sul','RS','Itacurubi'),(845,'Rio Grande do Sul','RS','Itapuca'),(846,'Rio Grande do Sul','RS','Itaqui'),(847,'Rio Grande do Sul','RS','Itatiba do Sul'),(848,'Rio Grande do Sul','RS','Ivorá'),(849,'Rio Grande do Sul','RS','Ivoti'),(850,'Rio Grande do Sul','RS','Jaboticaba'),(851,'Rio Grande do Sul','RS','Jacutinga'),(852,'Rio Grande do Sul','RS','Jaguarão'),(853,'Rio Grande do Sul','RS','Jaguari'),(854,'Rio Grande do Sul','RS','Jaquirana'),(855,'Rio Grande do Sul','RS','Jari'),(856,'Rio Grande do Sul','RS','Jóia'),(857,'Rio Grande do Sul','RS','Júlio de Castilhos'),(858,'Rio Grande do Sul','RS','Lagoa dos Três Cantos'),(859,'Rio Grande do Sul','RS','Lagoa Vermelha'),(860,'Rio Grande do Sul','RS','Lagoão'),(861,'Rio Grande do Sul','RS','Lajeado'),(862,'Rio Grande do Sul','RS','Lajeado do Bugre'),(863,'Rio Grande do Sul','RS','Lavras do Sul'),(864,'Rio Grande do Sul','RS','Liberato Salzano'),(865,'Rio Grande do Sul','RS','Lindolfo Collor'),(866,'Rio Grande do Sul','RS','Linha Nova'),(867,'Rio Grande do Sul','RS','Maçambara'),(868,'Rio Grande do Sul','RS','Machadinho'),(869,'Rio Grande do Sul','RS','Mampituba'),(870,'Rio Grande do Sul','RS','Manoel Viana'),(871,'Rio Grande do Sul','RS','Maquiné'),(872,'Rio Grande do Sul','RS','Maratá'),(873,'Rio Grande do Sul','RS','Marau'),(874,'Rio Grande do Sul','RS','Marcelino Ramos'),(875,'Rio Grande do Sul','RS','Mariana Pimentel'),(876,'Rio Grande do Sul','RS','Mariano Moro'),(877,'Rio Grande do Sul','RS','Marques de Souza'),(878,'Rio Grande do Sul','RS','Mata'),(879,'Rio Grande do Sul','RS','Mato Castelhano'),(880,'Rio Grande do Sul','RS','Mato Leitão'),(881,'Rio Grande do Sul','RS','Maximiliano de Almeida'),(882,'Rio Grande do Sul','RS','Minas do Leão'),(883,'Rio Grande do Sul','RS','Miraguaí'),(884,'Rio Grande do Sul','RS','Montauri'),(885,'Rio Grande do Sul','RS','Monte Alegre dos Campos'),(886,'Rio Grande do Sul','RS','Monte Belo do Sul'),(887,'Rio Grande do Sul','RS','Montenegro'),(888,'Rio Grande do Sul','RS','Mormaço'),(889,'Rio Grande do Sul','RS','Morrinhos do Sul'),(890,'Rio Grande do Sul','RS','Morro Redondo'),(891,'Rio Grande do Sul','RS','Morro Reuter'),(892,'Rio Grande do Sul','RS','Mostardas'),(893,'Rio Grande do Sul','RS','Muçum'),(894,'Rio Grande do Sul','RS','Muitos Capões'),(895,'Rio Grande do Sul','RS','Muliterno'),(896,'Rio Grande do Sul','RS','Não-Me-Toque'),(897,'Rio Grande do Sul','RS','Nicolau Vergueiro'),(898,'Rio Grande do Sul','RS','Nonoai'),(899,'Rio Grande do Sul','RS','Nova Alvorada'),(900,'Rio Grande do Sul','RS','Nova Araçá'),(901,'Rio Grande do Sul','RS','Nova Bassano'),(902,'Rio Grande do Sul','RS','Nova Boa Vista'),(903,'Rio Grande do Sul','RS','Nova Bréscia'),(904,'Rio Grande do Sul','RS','Nova Candelária'),(905,'Rio Grande do Sul','RS','Nova Esperança do Sul'),(906,'Rio Grande do Sul','RS','Nova Hartz'),(907,'Rio Grande do Sul','RS','Nova Pádua'),(908,'Rio Grande do Sul','RS','Nova Palma'),(909,'Rio Grande do Sul','RS','Nova Petrópolis'),(910,'Rio Grande do Sul','RS','Nova Prata'),(911,'Rio Grande do Sul','RS','Nova Ramada'),(912,'Rio Grande do Sul','RS','Nova Roma do Sul'),(913,'Rio Grande do Sul','RS','Nova Santa Rita'),(914,'Rio Grande do Sul','RS','Novo Barreiro'),(915,'Rio Grande do Sul','RS','Novo Cabrais'),(916,'Rio Grande do Sul','RS','Novo Hamburgo'),(917,'Rio Grande do Sul','RS','Novo Machado'),(918,'Rio Grande do Sul','RS','Novo Tiradentes'),(919,'Rio Grande do Sul','RS','Osório'),(920,'Rio Grande do Sul','RS','Paim Filho'),(921,'Rio Grande do Sul','RS','Palmares do Sul'),(922,'Rio Grande do Sul','RS','Palmeira das Missões'),(923,'Rio Grande do Sul','RS','Palmitinho'),(924,'Rio Grande do Sul','RS','Panambi'),(925,'Rio Grande do Sul','RS','Pantano Grande'),(926,'Rio Grande do Sul','RS','Paraí'),(927,'Rio Grande do Sul','RS','Paraíso do Sul'),(928,'Rio Grande do Sul','RS','Pareci Novo'),(929,'Rio Grande do Sul','RS','Parobé'),(930,'Rio Grande do Sul','RS','Passa Sete'),(931,'Rio Grande do Sul','RS','Passo do Sobrado'),(932,'Rio Grande do Sul','RS','Passo Fundo'),(933,'Rio Grande do Sul','RS','Paverama'),(934,'Rio Grande do Sul','RS','Pedro Osório'),(935,'Rio Grande do Sul','RS','Pejuçara'),(936,'Rio Grande do Sul','RS','Pelotas'),(937,'Rio Grande do Sul','RS','Picada Café'),(938,'Rio Grande do Sul','RS','Pinhal'),(939,'Rio Grande do Sul','RS','Pinhal Grande'),(940,'Rio Grande do Sul','RS','Pinheirinho do Vale'),(941,'Rio Grande do Sul','RS','Pinheiro Machado'),(942,'Rio Grande do Sul','RS','Pirapó'),(943,'Rio Grande do Sul','RS','Piratini'),(944,'Rio Grande do Sul','RS','Planalto'),(945,'Rio Grande do Sul','RS','Poço das Antas'),(946,'Rio Grande do Sul','RS','Pontão'),(947,'Rio Grande do Sul','RS','Ponte Preta'),(948,'Rio Grande do Sul','RS','Portão'),(949,'Rio Grande do Sul','RS','Porto Alegre'),(950,'Rio Grande do Sul','RS','Porto Lucena'),(951,'Rio Grande do Sul','RS','Porto Mauá'),(952,'Rio Grande do Sul','RS','Porto Vera Cruz'),(953,'Rio Grande do Sul','RS','Porto Xavier'),(954,'Rio Grande do Sul','RS','Pouso Novo'),(955,'Rio Grande do Sul','RS','Presidente Lucena'),(956,'Rio Grande do Sul','RS','Progresso'),(957,'Rio Grande do Sul','RS','Protásio Alves'),(958,'Rio Grande do Sul','RS','Putinga'),(959,'Rio Grande do Sul','RS','Quaraí'),(960,'Rio Grande do Sul','RS','Quevedos'),(961,'Rio Grande do Sul','RS','Quinze de Novembro'),(962,'Rio Grande do Sul','RS','Redentora'),(963,'Rio Grande do Sul','RS','Relvado'),(964,'Rio Grande do Sul','RS','Restinga Seca'),(965,'Rio Grande do Sul','RS','Rio dos Índios'),(966,'Rio Grande do Sul','RS','Rio Grande'),(967,'Rio Grande do Sul','RS','Rio Pardo'),(968,'Rio Grande do Sul','RS','Riozinho'),(969,'Rio Grande do Sul','RS','Roca Sales'),(970,'Rio Grande do Sul','RS','Rodeio Bonito'),(971,'Rio Grande do Sul','RS','Rolante'),(972,'Rio Grande do Sul','RS','Ronda Alta'),(973,'Rio Grande do Sul','RS','Rondinha'),(974,'Rio Grande do Sul','RS','Roque Gonzales'),(975,'Rio Grande do Sul','RS','Rosário do Sul'),(976,'Rio Grande do Sul','RS','Sagrada Família'),(977,'Rio Grande do Sul','RS','Saldanha Marinho'),(978,'Rio Grande do Sul','RS','Salto do Jacuí'),(979,'Rio Grande do Sul','RS','Salvador das Missões'),(980,'Rio Grande do Sul','RS','Salvador do Sul'),(981,'Rio Grande do Sul','RS','Sananduva'),(982,'Rio Grande do Sul','RS','Santa Bárbara do Sul'),(983,'Rio Grande do Sul','RS','Santa Clara do Sul'),(984,'Rio Grande do Sul','RS','Santa Cruz do Sul'),(985,'Rio Grande do Sul','RS','Santa Maria'),(986,'Rio Grande do Sul','RS','Santa Maria do Herval'),(987,'Rio Grande do Sul','RS','Santa Rosa'),(988,'Rio Grande do Sul','RS','Santa Tereza'),(989,'Rio Grande do Sul','RS','Santa Vitória do Palmar'),(990,'Rio Grande do Sul','RS','Santana da Boa Vista'),(991,'Rio Grande do Sul','RS','Santana do Livramento'),(992,'Rio Grande do Sul','RS','Santiago'),(993,'Rio Grande do Sul','RS','Santo Ângelo'),(994,'Rio Grande do Sul','RS','Santo Antônio da Patrulha'),(995,'Rio Grande do Sul','RS','Santo Antônio das Missões'),(996,'Rio Grande do Sul','RS','Santo Antônio do Palma'),(997,'Rio Grande do Sul','RS','Santo Antônio do Planalto'),(998,'Rio Grande do Sul','RS','Santo Augusto'),(999,'Rio Grande do Sul','RS','Santo Cristo'),(1000,'Rio Grande do Sul','RS','Santo Expedito do Sul'),(1001,'Rio Grande do Sul','RS','São Borja'),(1002,'Rio Grande do Sul','RS','São Domingos do Sul'),(1003,'Rio Grande do Sul','RS','São Francisco de Assis'),(1004,'Rio Grande do Sul','RS','São Francisco de Paula'),(1005,'Rio Grande do Sul','RS','São Gabriel'),(1006,'Rio Grande do Sul','RS','São Jerônimo'),(1007,'Rio Grande do Sul','RS','São João da Urtiga'),(1008,'Rio Grande do Sul','RS','São João do Polêsine'),(1009,'Rio Grande do Sul','RS','São Jorge'),(1010,'Rio Grande do Sul','RS','São José das Missões'),(1011,'Rio Grande do Sul','RS','São José do Herval'),(1012,'Rio Grande do Sul','RS','São José do Hortêncio'),(1013,'Rio Grande do Sul','RS','São José do Inhacorá'),(1014,'Rio Grande do Sul','RS','São José do Norte'),(1015,'Rio Grande do Sul','RS','São José do Ouro'),(1016,'Rio Grande do Sul','RS','São José dos Ausentes'),(1017,'Rio Grande do Sul','RS','São Leopoldo'),(1018,'Rio Grande do Sul','RS','São Lourenço do Sul'),(1019,'Rio Grande do Sul','RS','São Luiz Gonzaga'),(1020,'Rio Grande do Sul','RS','São Marcos'),(1021,'Rio Grande do Sul','RS','São Martinho'),(1022,'Rio Grande do Sul','RS','São Martinho da Serra'),(1023,'Rio Grande do Sul','RS','São Miguel das Missões'),(1024,'Rio Grande do Sul','RS','São Nicolau'),(1025,'Rio Grande do Sul','RS','São Paulo das Missões'),(1026,'Rio Grande do Sul','RS','São Pedro da Serra'),(1027,'Rio Grande do Sul','RS','São Pedro do Butiá'),(1028,'Rio Grande do Sul','RS','São Pedro do Sul'),(1029,'Rio Grande do Sul','RS','São Sebastião do Caí'),(1030,'Rio Grande do Sul','RS','São Sepé'),(1031,'Rio Grande do Sul','RS','São Valentim'),(1032,'Rio Grande do Sul','RS','São Valentim do Sul'),(1033,'Rio Grande do Sul','RS','São Valério do Sul'),(1034,'Rio Grande do Sul','RS','São Vendelino'),(1035,'Rio Grande do Sul','RS','São Vicente do Sul'),(1036,'Rio Grande do Sul','RS','Sapiranga'),(1037,'Rio Grande do Sul','RS','Sapucaia do Sul'),(1038,'Rio Grande do Sul','RS','Sarandi'),(1039,'Rio Grande do Sul','RS','Seberi'),(1040,'Rio Grande do Sul','RS','Sede Nova'),(1041,'Rio Grande do Sul','RS','Segredo'),(1042,'Rio Grande do Sul','RS','Selbach'),(1043,'Rio Grande do Sul','RS','Senador Salgado Filho'),(1044,'Rio Grande do Sul','RS','Sentinela do Sul'),(1045,'Rio Grande do Sul','RS','Serafina Corrêa'),(1046,'Rio Grande do Sul','RS','Sério'),(1047,'Rio Grande do Sul','RS','Sertão'),(1048,'Rio Grande do Sul','RS','Sertão Santana'),(1049,'Rio Grande do Sul','RS','Sete de Setembro'),(1050,'Rio Grande do Sul','RS','Severiano de Almeida'),(1051,'Rio Grande do Sul','RS','Silveira Martins'),(1052,'Rio Grande do Sul','RS','Sinimbu'),(1053,'Rio Grande do Sul','RS','Sobradinho'),(1054,'Rio Grande do Sul','RS','Soledade'),(1055,'Rio Grande do Sul','RS','Tabaí'),(1056,'Rio Grande do Sul','RS','Tapejara'),(1057,'Rio Grande do Sul','RS','Tapera'),(1058,'Rio Grande do Sul','RS','Tapes'),(1059,'Rio Grande do Sul','RS','Taquara'),(1060,'Rio Grande do Sul','RS','Taquari'),(1061,'Rio Grande do Sul','RS','Taquaruçu do Sul'),(1062,'Rio Grande do Sul','RS','Tavares'),(1063,'Rio Grande do Sul','RS','Tenente Portela'),(1064,'Rio Grande do Sul','RS','Terra de Areia'),(1065,'Rio Grande do Sul','RS','Teutônia'),(1066,'Rio Grande do Sul','RS','Tiradentes do Sul'),(1067,'Rio Grande do Sul','RS','Toropi'),(1068,'Rio Grande do Sul','RS','Torres'),(1069,'Rio Grande do Sul','RS','Tramandaí'),(1070,'Rio Grande do Sul','RS','Travesseiro'),(1071,'Rio Grande do Sul','RS','Três Arroios'),(1072,'Rio Grande do Sul','RS','Três Cachoeiras'),(1073,'Rio Grande do Sul','RS','Três Coroas'),(1074,'Rio Grande do Sul','RS','Três de Maio'),(1075,'Rio Grande do Sul','RS','Três Forquilhas'),(1076,'Rio Grande do Sul','RS','Três Palmeiras'),(1077,'Rio Grande do Sul','RS','Três Passos'),(1078,'Rio Grande do Sul','RS','Trindade do Sul'),(1079,'Rio Grande do Sul','RS','Triunfo'),(1080,'Rio Grande do Sul','RS','Tucunduva'),(1081,'Rio Grande do Sul','RS','Tunas'),(1082,'Rio Grande do Sul','RS','Tupanci do Sul'),(1083,'Rio Grande do Sul','RS','Tupanciretã'),(1084,'Rio Grande do Sul','RS','Tupandi'),(1085,'Rio Grande do Sul','RS','Tuparendi'),(1086,'Rio Grande do Sul','RS','Turuçu'),(1087,'Rio Grande do Sul','RS','Ubiretama'),(1088,'Rio Grande do Sul','RS','União da Serra'),(1089,'Rio Grande do Sul','RS','Unistalda'),(1090,'Rio Grande do Sul','RS','Uruguaiana'),(1091,'Rio Grande do Sul','RS','Vacaria'),(1092,'Rio Grande do Sul','RS','Vale do Sol'),(1093,'Rio Grande do Sul','RS','Vale Real'),(1094,'Rio Grande do Sul','RS','Vale Verde'),(1095,'Rio Grande do Sul','RS','Vanini'),(1096,'Rio Grande do Sul','RS','Venâncio Aires'),(1097,'Rio Grande do Sul','RS','Vera Cruz'),(1098,'Rio Grande do Sul','RS','Veranópolis'),(1099,'Rio Grande do Sul','RS','Vespasiano Correa'),(1100,'Rio Grande do Sul','RS','Viadutos'),(1101,'Rio Grande do Sul','RS','Viamão'),(1102,'Rio Grande do Sul','RS','Vicente Dutra'),(1103,'Rio Grande do Sul','RS','Victor Graeff'),(1104,'Rio Grande do Sul','RS','Vila Flores'),(1105,'Rio Grande do Sul','RS','Vila Lângaro'),(1106,'Rio Grande do Sul','RS','Vila Maria'),(1107,'Rio Grande do Sul','RS','Vila Nova do Sul'),(1108,'Rio Grande do Sul','RS','Vista Alegre'),(1109,'Rio Grande do Sul','RS','Vista Alegre do Prata'),(1110,'Rio Grande do Sul','RS','Vista Gaúcha'),(1111,'Rio Grande do Sul','RS','Vitória das Missões'),(1112,'Rio Grande do Sul','RS','Xangri-lá'),(1113,'Minas Gerais','MG','Abadia dos Dourados'),(1114,'Minas Gerais','MG','Abaeté'),(1115,'Minas Gerais','MG','Abre Campo'),(1116,'Minas Gerais','MG','Acaiaca'),(1117,'Minas Gerais','MG','Açucena'),(1118,'Minas Gerais','MG','Água Boa'),(1119,'Minas Gerais','MG','Água Comprida'),(1120,'Minas Gerais','MG','Aguanil'),(1121,'Minas Gerais','MG','Águas Formosas'),(1122,'Minas Gerais','MG','Águas Vermelhas'),(1123,'Minas Gerais','MG','Aimorés'),(1124,'Minas Gerais','MG','Aiuruoca'),(1125,'Minas Gerais','MG','Alagoa'),(1126,'Minas Gerais','MG','Albertina'),(1127,'Minas Gerais','MG','Além Paraíba'),(1128,'Minas Gerais','MG','Alfenas'),(1129,'Minas Gerais','MG','Alfredo Vasconcelos'),(1130,'Minas Gerais','MG','Almenara'),(1131,'Minas Gerais','MG','Alpercata'),(1132,'Minas Gerais','MG','Alpinópolis'),(1133,'Minas Gerais','MG','Alterosa'),(1134,'Minas Gerais','MG','Alto Caparaó'),(1135,'Minas Gerais','MG','Alto Jequitibá'),(1136,'Minas Gerais','MG','Alto Rio Doce'),(1137,'Minas Gerais','MG','Alvarenga'),(1138,'Minas Gerais','MG','Alvinópolis'),(1139,'Minas Gerais','MG','Alvorada de Minas'),(1140,'Minas Gerais','MG','Amparo do Serra'),(1141,'Minas Gerais','MG','Andradas'),(1142,'Minas Gerais','MG','Andrelândia'),(1143,'Minas Gerais','MG','Angelândia'),(1144,'Minas Gerais','MG','Antônio Carlos'),(1145,'Minas Gerais','MG','Antônio Dias'),(1146,'Minas Gerais','MG','Antônio Prado de Minas'),(1147,'Minas Gerais','MG','Araçaí'),(1148,'Minas Gerais','MG','Aracitaba'),(1149,'Minas Gerais','MG','Araçuaí'),(1150,'Minas Gerais','MG','Araguari'),(1151,'Minas Gerais','MG','Arantina'),(1152,'Minas Gerais','MG','Araponga'),(1153,'Minas Gerais','MG','Araporã'),(1154,'Minas Gerais','MG','Arapuá'),(1155,'Minas Gerais','MG','Araújos'),(1156,'Minas Gerais','MG','Araxá'),(1157,'Minas Gerais','MG','Arceburgo'),(1158,'Minas Gerais','MG','Arcos'),(1159,'Minas Gerais','MG','Areado'),(1160,'Minas Gerais','MG','Argirita'),(1161,'Minas Gerais','MG','Aricanduva'),(1162,'Minas Gerais','MG','Arinos'),(1163,'Minas Gerais','MG','Astolfo Dutra'),(1164,'Minas Gerais','MG','Ataléia'),(1165,'Minas Gerais','MG','Augusto de Lima'),(1166,'Minas Gerais','MG','Baependi'),(1167,'Minas Gerais','MG','Baldim'),(1168,'Minas Gerais','MG','Bambuí'),(1169,'Minas Gerais','MG','Bandeira'),(1170,'Minas Gerais','MG','Bandeira do Sul'),(1171,'Minas Gerais','MG','Barão de Cocais'),(1172,'Minas Gerais','MG','Barão de Monte Alto'),(1173,'Minas Gerais','MG','Barbacena'),(1174,'Minas Gerais','MG','Barra Longa'),(1175,'Minas Gerais','MG','Barroso'),(1176,'Minas Gerais','MG','Bela Vista de Minas'),(1177,'Minas Gerais','MG','Belmiro Braga'),(1178,'Minas Gerais','MG','Belo Horizonte'),(1179,'Minas Gerais','MG','Belo Oriente'),(1180,'Minas Gerais','MG','Belo Vale'),(1181,'Minas Gerais','MG','Berilo'),(1182,'Minas Gerais','MG','Berizal'),(1183,'Minas Gerais','MG','Bertópolis'),(1184,'Minas Gerais','MG','Betim'),(1185,'Minas Gerais','MG','Bias Fortes'),(1186,'Minas Gerais','MG','Bicas'),(1187,'Minas Gerais','MG','Biquinhas'),(1188,'Minas Gerais','MG','Boa Esperança'),(1189,'Minas Gerais','MG','Bocaina de Minas'),(1190,'Minas Gerais','MG','Bocaiúva'),(1191,'Minas Gerais','MG','Bom Despacho'),(1192,'Minas Gerais','MG','Bom Jardim de Minas'),(1193,'Minas Gerais','MG','Bom Jesus da Penha'),(1194,'Minas Gerais','MG','Bom Jesus do Amparo'),(1195,'Minas Gerais','MG','Bom Jesus do Galho'),(1196,'Minas Gerais','MG','Bom Repouso'),(1197,'Minas Gerais','MG','Bom Sucesso'),(1198,'Minas Gerais','MG','Bonfim'),(1199,'Minas Gerais','MG','Bonfinópolis de Minas'),(1200,'Minas Gerais','MG','Bonito de Minas'),(1201,'Minas Gerais','MG','Borda da Mata'),(1202,'Minas Gerais','MG','Botelhos'),(1203,'Minas Gerais','MG','Botumirim'),(1204,'Minas Gerais','MG','Brás Pires'),(1205,'Minas Gerais','MG','Brasilândia de Minas'),(1206,'Minas Gerais','MG','Brasília de Minas'),(1207,'Minas Gerais','MG','Brasópolis'),(1208,'Minas Gerais','MG','Braúnas'),(1209,'Minas Gerais','MG','Brumadinho'),(1210,'Minas Gerais','MG','Bueno Brandão'),(1211,'Minas Gerais','MG','Buenópolis'),(1212,'Minas Gerais','MG','Bugre'),(1213,'Minas Gerais','MG','Buritis'),(1214,'Minas Gerais','MG','Buritizeiro'),(1215,'Minas Gerais','MG','Cabeceira Grande'),(1216,'Minas Gerais','MG','Cabo Verde'),(1217,'Minas Gerais','MG','Cachoeira da Prata'),(1218,'Minas Gerais','MG','Cachoeira de Minas'),(1219,'Minas Gerais','MG','Cachoeira de Pajeú'),(1220,'Minas Gerais','MG','Cachoeira Dourada'),(1221,'Minas Gerais','MG','Caetanópolis'),(1222,'Minas Gerais','MG','Caeté'),(1223,'Minas Gerais','MG','Caiana'),(1224,'Minas Gerais','MG','Cajuri'),(1225,'Minas Gerais','MG','Caldas'),(1226,'Minas Gerais','MG','Camacho'),(1227,'Minas Gerais','MG','Camanducaia'),(1228,'Minas Gerais','MG','Cambuí'),(1229,'Minas Gerais','MG','Cambuquira'),(1230,'Minas Gerais','MG','Campanário'),(1231,'Minas Gerais','MG','Campanha'),(1232,'Minas Gerais','MG','Campestre'),(1233,'Minas Gerais','MG','Campina Verde'),(1234,'Minas Gerais','MG','Campo Azul'),(1235,'Minas Gerais','MG','Campo Belo'),(1236,'Minas Gerais','MG','Campo do Meio'),(1237,'Minas Gerais','MG','Campo Florido'),(1238,'Minas Gerais','MG','Campos Altos'),(1239,'Minas Gerais','MG','Campos Gerais'),(1240,'Minas Gerais','MG','Cana Verde'),(1241,'Minas Gerais','MG','Canaã'),(1242,'Minas Gerais','MG','Canápolis'),(1243,'Minas Gerais','MG','Candeias'),(1244,'Minas Gerais','MG','Cantagalo'),(1245,'Minas Gerais','MG','Caparaó'),(1246,'Minas Gerais','MG','Capela Nova'),(1247,'Minas Gerais','MG','Capelinha'),(1248,'Minas Gerais','MG','Capetinga'),(1249,'Minas Gerais','MG','Capim Branco'),(1250,'Minas Gerais','MG','Capinópolis'),(1251,'Minas Gerais','MG','Capitão Andrade'),(1252,'Minas Gerais','MG','Capitão Enéas'),(1253,'Minas Gerais','MG','Capitólio'),(1254,'Minas Gerais','MG','Caputira'),(1255,'Minas Gerais','MG','Caraí'),(1256,'Minas Gerais','MG','Caranaíba'),(1257,'Minas Gerais','MG','Carandaí'),(1258,'Minas Gerais','MG','Carangola'),(1259,'Minas Gerais','MG','Caratinga'),(1260,'Minas Gerais','MG','Carbonita'),(1261,'Minas Gerais','MG','Careaçu'),(1262,'Minas Gerais','MG','Carlos Chagas'),(1263,'Minas Gerais','MG','Carmésia'),(1264,'Minas Gerais','MG','Carmo da Cachoeira'),(1265,'Minas Gerais','MG','Carmo da Mata'),(1266,'Minas Gerais','MG','Carmo de Minas'),(1267,'Minas Gerais','MG','Carmo do Cajuru'),(1268,'Minas Gerais','MG','Carmo do Paranaíba'),(1269,'Minas Gerais','MG','Carmo do Rio Claro'),(1270,'Minas Gerais','MG','Carmópolis de Minas'),(1271,'Minas Gerais','MG','Carneirinho'),(1272,'Minas Gerais','MG','Carrancas'),(1273,'Minas Gerais','MG','Carvalhópolis'),(1274,'Minas Gerais','MG','Carvalhos'),(1275,'Minas Gerais','MG','Casa Grande'),(1276,'Minas Gerais','MG','Cascalho Rico'),(1277,'Minas Gerais','MG','Cássia'),(1278,'Minas Gerais','MG','Cataguases'),(1279,'Minas Gerais','MG','Catas Altas'),(1280,'Minas Gerais','MG','Catas Altas da Noruega'),(1281,'Minas Gerais','MG','Catuji'),(1282,'Minas Gerais','MG','Catuti'),(1283,'Minas Gerais','MG','Caxambu'),(1284,'Minas Gerais','MG','Cedro do Abaeté'),(1285,'Minas Gerais','MG','Central de Minas'),(1286,'Minas Gerais','MG','Centralina'),(1287,'Minas Gerais','MG','Chácara'),(1288,'Minas Gerais','MG','Chalé'),(1289,'Minas Gerais','MG','Chapada do Norte'),(1290,'Minas Gerais','MG','Chapada Gaúcha'),(1291,'Minas Gerais','MG','Chiador'),(1292,'Minas Gerais','MG','Cipotânea'),(1293,'Minas Gerais','MG','Claraval'),(1294,'Minas Gerais','MG','Claro dos Poções'),(1295,'Minas Gerais','MG','Cláudio'),(1296,'Minas Gerais','MG','Coimbra'),(1297,'Minas Gerais','MG','Coluna'),(1298,'Minas Gerais','MG','Comendador Gomes'),(1299,'Minas Gerais','MG','Comercinho'),(1300,'Minas Gerais','MG','Conceição da Aparecida'),(1301,'Minas Gerais','MG','Conceição da Barra de Minas'),(1302,'Minas Gerais','MG','Conceição das Alagoas'),(1303,'Minas Gerais','MG','Conceição das Pedras'),(1304,'Minas Gerais','MG','Conceição de Ipanema'),(1305,'Minas Gerais','MG','Conceição do Mato Dentro'),(1306,'Minas Gerais','MG','Conceição do Pará'),(1307,'Minas Gerais','MG','Conceição do Rio Verde'),(1308,'Minas Gerais','MG','Conceição dos Ouros'),(1309,'Minas Gerais','MG','Cônego Marinho'),(1310,'Minas Gerais','MG','Confins'),(1311,'Minas Gerais','MG','Congonhal'),(1312,'Minas Gerais','MG','Congonhas'),(1313,'Minas Gerais','MG','Congonhas do Norte'),(1314,'Minas Gerais','MG','Conquista'),(1315,'Minas Gerais','MG','Conselheiro Lafaiete'),(1316,'Minas Gerais','MG','Conselheiro Pena'),(1317,'Minas Gerais','MG','Consolação'),(1318,'Minas Gerais','MG','Contagem'),(1319,'Minas Gerais','MG','Coqueiral'),(1320,'Minas Gerais','MG','Coração de Jesus'),(1321,'Minas Gerais','MG','Cordisburgo'),(1322,'Minas Gerais','MG','Cordislândia'),(1323,'Minas Gerais','MG','Corinto'),(1324,'Minas Gerais','MG','Coroaci'),(1325,'Minas Gerais','MG','Coromandel'),(1326,'Minas Gerais','MG','Coronel Fabriciano'),(1327,'Minas Gerais','MG','Coronel Murta'),(1328,'Minas Gerais','MG','Coronel Pacheco'),(1329,'Minas Gerais','MG','Coronel Xavier Chaves'),(1330,'Minas Gerais','MG','Córrego Danta'),(1331,'Minas Gerais','MG','Córrego do Bom Jesus'),(1332,'Minas Gerais','MG','Córrego Fundo'),(1333,'Minas Gerais','MG','Córrego Novo'),(1334,'Minas Gerais','MG','Couto de Magalhães de Minas'),(1335,'Minas Gerais','MG','Crisólita'),(1336,'Minas Gerais','MG','Cristais'),(1337,'Minas Gerais','MG','Cristália'),(1338,'Minas Gerais','MG','Cristiano Otoni'),(1339,'Minas Gerais','MG','Cristina'),(1340,'Minas Gerais','MG','Crucilândia'),(1341,'Minas Gerais','MG','Cruzeiro da Fortaleza'),(1342,'Minas Gerais','MG','Cruzília'),(1343,'Minas Gerais','MG','Cuparaque'),(1344,'Minas Gerais','MG','Curral de Dentro'),(1345,'Minas Gerais','MG','Curvelo'),(1346,'Minas Gerais','MG','Datas'),(1347,'Minas Gerais','MG','Delfim Moreira'),(1348,'Minas Gerais','MG','Delfinópolis'),(1349,'Minas Gerais','MG','Delta'),(1350,'Minas Gerais','MG','Descoberto'),(1351,'Minas Gerais','MG','Desterro de Entre Rios'),(1352,'Minas Gerais','MG','Desterro do Melo'),(1353,'Minas Gerais','MG','Diamantina'),(1354,'Minas Gerais','MG','Diogo de Vasconcelos'),(1355,'Minas Gerais','MG','Dionísio'),(1356,'Minas Gerais','MG','Divinésia'),(1357,'Minas Gerais','MG','Divino'),(1358,'Minas Gerais','MG','Divino das Laranjeiras'),(1359,'Minas Gerais','MG','Divinolândia de Minas'),(1360,'Minas Gerais','MG','Divinópolis'),(1361,'Minas Gerais','MG','Divisa Alegre'),(1362,'Minas Gerais','MG','Divisa Nova'),(1363,'Minas Gerais','MG','Divisópolis'),(1364,'Minas Gerais','MG','Dom Bosco'),(1365,'Minas Gerais','MG','Dom Cavati'),(1366,'Minas Gerais','MG','Dom Joaquim'),(1367,'Minas Gerais','MG','Dom Silvério'),(1368,'Minas Gerais','MG','Dom Viçoso'),(1369,'Minas Gerais','MG','Dona Eusébia'),(1370,'Minas Gerais','MG','Dores de Campos'),(1371,'Minas Gerais','MG','Dores de Guanhães'),(1372,'Minas Gerais','MG','Dores do Indaiá'),(1373,'Minas Gerais','MG','Dores do Turvo'),(1374,'Minas Gerais','MG','Doresópolis'),(1375,'Minas Gerais','MG','Douradoquara'),(1376,'Minas Gerais','MG','Durandé'),(1377,'Minas Gerais','MG','Elói Mendes'),(1378,'Minas Gerais','MG','Engenheiro Caldas'),(1379,'Minas Gerais','MG','Engenheiro Navarro'),(1380,'Minas Gerais','MG','Entre Folhas'),(1381,'Minas Gerais','MG','Entre Rios de Minas'),(1382,'Minas Gerais','MG','Ervália'),(1383,'Minas Gerais','MG','Esmeraldas'),(1384,'Minas Gerais','MG','Espera Feliz'),(1385,'Minas Gerais','MG','Espinosa'),(1386,'Minas Gerais','MG','Espírito Santo do Dourado'),(1387,'Minas Gerais','MG','Estiva'),(1388,'Minas Gerais','MG','Estrela Dalva'),(1389,'Minas Gerais','MG','Estrela do Indaiá'),(1390,'Minas Gerais','MG','Estrela do Sul'),(1391,'Minas Gerais','MG','Eugenópolis'),(1392,'Minas Gerais','MG','Ewbank da Câmara'),(1393,'Minas Gerais','MG','Extrema'),(1394,'Minas Gerais','MG','Fama'),(1395,'Minas Gerais','MG','Faria Lemos'),(1396,'Minas Gerais','MG','Felício dos Santos'),(1397,'Minas Gerais','MG','Felisburgo'),(1398,'Minas Gerais','MG','Felixlândia'),(1399,'Minas Gerais','MG','Fernandes Tourinho'),(1400,'Minas Gerais','MG','Ferros'),(1401,'Minas Gerais','MG','Fervedouro'),(1402,'Minas Gerais','MG','Florestal'),(1403,'Minas Gerais','MG','Formiga'),(1404,'Minas Gerais','MG','Formoso'),(1405,'Minas Gerais','MG','Fortaleza de Minas'),(1406,'Minas Gerais','MG','Fortuna de Minas'),(1407,'Minas Gerais','MG','Francisco Badaró'),(1408,'Minas Gerais','MG','Francisco Dumont'),(1409,'Minas Gerais','MG','Francisco Sá'),(1410,'Minas Gerais','MG','Franciscópolis'),(1411,'Minas Gerais','MG','Frei Gaspar'),(1412,'Minas Gerais','MG','Frei Inocêncio'),(1413,'Minas Gerais','MG','Frei Lagonegro'),(1414,'Minas Gerais','MG','Fronteira'),(1415,'Minas Gerais','MG','Fronteira dos Vales'),(1416,'Minas Gerais','MG','Fruta de Leite'),(1417,'Minas Gerais','MG','Frutal'),(1418,'Minas Gerais','MG','Funilândia'),(1419,'Minas Gerais','MG','Galiléia'),(1420,'Minas Gerais','MG','Gameleiras'),(1421,'Minas Gerais','MG','Glaucilândia'),(1422,'Minas Gerais','MG','Goiabeira'),(1423,'Minas Gerais','MG','Goianá'),(1424,'Minas Gerais','MG','Gonçalves'),(1425,'Minas Gerais','MG','Gonzaga'),(1426,'Minas Gerais','MG','Gouveia'),(1427,'Minas Gerais','MG','Governador Valadares'),(1428,'Minas Gerais','MG','Grão Mogol'),(1429,'Minas Gerais','MG','Grupiara'),(1430,'Minas Gerais','MG','Guanhães'),(1431,'Minas Gerais','MG','Guapé'),(1432,'Minas Gerais','MG','Guaraciaba'),(1433,'Minas Gerais','MG','Guaraciama'),(1434,'Minas Gerais','MG','Guaranésia'),(1435,'Minas Gerais','MG','Guarani'),(1436,'Minas Gerais','MG','Guarará'),(1437,'Minas Gerais','MG','Guarda-Mor'),(1438,'Minas Gerais','MG','Guaxupé'),(1439,'Minas Gerais','MG','Guidoval'),(1440,'Minas Gerais','MG','Guimarânia'),(1441,'Minas Gerais','MG','Guiricema'),(1442,'Minas Gerais','MG','Gurinhatã'),(1443,'Minas Gerais','MG','Heliodora'),(1444,'Minas Gerais','MG','Iapu'),(1445,'Minas Gerais','MG','Ibertioga'),(1446,'Minas Gerais','MG','Ibiá'),(1447,'Minas Gerais','MG','Ibiaí'),(1448,'Minas Gerais','MG','Ibiracatu'),(1449,'Minas Gerais','MG','Ibiraci'),(1450,'Minas Gerais','MG','Ibirité'),(1451,'Minas Gerais','MG','Ibitiúra de Minas'),(1452,'Minas Gerais','MG','Ibituruna'),(1453,'Minas Gerais','MG','Icaraí de Minas'),(1454,'Minas Gerais','MG','Igarapé'),(1455,'Minas Gerais','MG','Igaratinga'),(1456,'Minas Gerais','MG','Iguatama'),(1457,'Minas Gerais','MG','Ijaci'),(1458,'Minas Gerais','MG','Ilicínea'),(1459,'Minas Gerais','MG','Imbé de Minas'),(1460,'Minas Gerais','MG','Inconfidentes'),(1461,'Minas Gerais','MG','Indaiabira'),(1462,'Minas Gerais','MG','Indianópolis'),(1463,'Minas Gerais','MG','Ingaí'),(1464,'Minas Gerais','MG','Inhapim'),(1465,'Minas Gerais','MG','Inhaúma'),(1466,'Minas Gerais','MG','Inimutaba'),(1467,'Minas Gerais','MG','Ipaba'),(1468,'Minas Gerais','MG','Ipanema'),(1469,'Minas Gerais','MG','Ipatinga'),(1470,'Minas Gerais','MG','Ipiaçu'),(1471,'Minas Gerais','MG','Ipuiúna'),(1472,'Minas Gerais','MG','Iraí de Minas'),(1473,'Minas Gerais','MG','Itabira'),(1474,'Minas Gerais','MG','Itabirinha de Mantena'),(1475,'Minas Gerais','MG','Itabirito'),(1476,'Minas Gerais','MG','Itacambira'),(1477,'Minas Gerais','MG','Itacarambi'),(1478,'Minas Gerais','MG','Itaguara'),(1479,'Minas Gerais','MG','Itaipé'),(1480,'Minas Gerais','MG','Itajubá'),(1481,'Minas Gerais','MG','Itamarandiba'),(1482,'Minas Gerais','MG','Itamarati de Minas'),(1483,'Minas Gerais','MG','Itambacuri'),(1484,'Minas Gerais','MG','Itambé do Mato Dentro'),(1485,'Minas Gerais','MG','Itamogi'),(1486,'Minas Gerais','MG','Itamonte'),(1487,'Minas Gerais','MG','Itanhandu'),(1488,'Minas Gerais','MG','Itanhomi'),(1489,'Minas Gerais','MG','Itaobim'),(1490,'Minas Gerais','MG','Itapagipe'),(1491,'Minas Gerais','MG','Itapecerica'),(1492,'Minas Gerais','MG','Itapeva'),(1493,'Minas Gerais','MG','Itatiaiuçu'),(1494,'Minas Gerais','MG','Itaú de Minas'),(1495,'Minas Gerais','MG','Itaúna'),(1496,'Minas Gerais','MG','Itaverava'),(1497,'Minas Gerais','MG','Itinga'),(1498,'Minas Gerais','MG','Itueta'),(1499,'Minas Gerais','MG','Ituiutaba'),(1500,'Minas Gerais','MG','Itumirim'),(1501,'Minas Gerais','MG','Iturama'),(1502,'Minas Gerais','MG','Itutinga'),(1503,'Minas Gerais','MG','Jaboticatubas'),(1504,'Minas Gerais','MG','Jacinto'),(1505,'Minas Gerais','MG','Jacuí'),(1506,'Minas Gerais','MG','Jacutinga'),(1507,'Minas Gerais','MG','Jaguaraçu'),(1508,'Minas Gerais','MG','Jaíba'),(1509,'Minas Gerais','MG','Jampruca'),(1510,'Minas Gerais','MG','Janaúba'),(1511,'Minas Gerais','MG','Januária'),(1512,'Minas Gerais','MG','Japaraíba'),(1513,'Minas Gerais','MG','Japonvar'),(1514,'Minas Gerais','MG','Jeceaba'),(1515,'Minas Gerais','MG','Jenipapo de Minas'),(1516,'Minas Gerais','MG','Jequeri'),(1517,'Minas Gerais','MG','Jequitaí'),(1518,'Minas Gerais','MG','Jequitibá'),(1519,'Minas Gerais','MG','Jequitinhonha'),(1520,'Minas Gerais','MG','Jesuânia'),(1521,'Minas Gerais','MG','Joaíma'),(1522,'Minas Gerais','MG','Joanésia'),(1523,'Minas Gerais','MG','João Monlevade'),(1524,'Minas Gerais','MG','João Pinheiro'),(1525,'Minas Gerais','MG','Joaquim Felício'),(1526,'Minas Gerais','MG','Jordânia'),(1527,'Minas Gerais','MG','José Gonçalves de Minas'),(1528,'Minas Gerais','MG','José Raydan'),(1529,'Minas Gerais','MG','Josenópolis'),(1530,'Minas Gerais','MG','Juatuba'),(1531,'Minas Gerais','MG','Juiz de Fora'),(1532,'Minas Gerais','MG','Juramento'),(1533,'Minas Gerais','MG','Juruaia'),(1534,'Minas Gerais','MG','Juvenília'),(1535,'Minas Gerais','MG','Ladainha'),(1536,'Minas Gerais','MG','Lagamar'),(1537,'Minas Gerais','MG','Lagoa da Prata'),(1538,'Minas Gerais','MG','Lagoa dos Patos'),(1539,'Minas Gerais','MG','Lagoa Dourada'),(1540,'Minas Gerais','MG','Lagoa Formosa'),(1541,'Minas Gerais','MG','Lagoa Grande'),(1542,'Minas Gerais','MG','Lagoa Santa'),(1543,'Minas Gerais','MG','Lajinha'),(1544,'Minas Gerais','MG','Lambari'),(1545,'Minas Gerais','MG','Lamim'),(1546,'Minas Gerais','MG','Laranjal'),(1547,'Minas Gerais','MG','Lassance'),(1548,'Minas Gerais','MG','Lavras'),(1549,'Minas Gerais','MG','Leandro Ferreira'),(1550,'Minas Gerais','MG','Leme do Prado'),(1551,'Minas Gerais','MG','Leopoldina'),(1552,'Minas Gerais','MG','Liberdade'),(1553,'Minas Gerais','MG','Lima Duarte'),(1554,'Minas Gerais','MG','Limeira do Oeste'),(1555,'Minas Gerais','MG','Lontra'),(1556,'Minas Gerais','MG','Luisburgo'),(1557,'Minas Gerais','MG','Luislândia'),(1558,'Minas Gerais','MG','Luminárias'),(1559,'Minas Gerais','MG','Luz'),(1560,'Minas Gerais','MG','Machacalis'),(1561,'Minas Gerais','MG','Machado'),(1562,'Minas Gerais','MG','Madre de Deus de Minas'),(1563,'Minas Gerais','MG','Malacacheta'),(1564,'Minas Gerais','MG','Mamonas'),(1565,'Minas Gerais','MG','Manga'),(1566,'Minas Gerais','MG','Manhuaçu'),(1567,'Minas Gerais','MG','Manhumirim'),(1568,'Minas Gerais','MG','Mantena'),(1569,'Minas Gerais','MG','Mar de Espanha'),(1570,'Minas Gerais','MG','Maravilhas'),(1571,'Minas Gerais','MG','Maria da Fé'),(1572,'Minas Gerais','MG','Mariana'),(1573,'Minas Gerais','MG','Marilac'),(1574,'Minas Gerais','MG','Mário Campos'),(1575,'Minas Gerais','MG','Maripá de Minas'),(1576,'Minas Gerais','MG','Marliéria'),(1577,'Minas Gerais','MG','Marmelópolis'),(1578,'Minas Gerais','MG','Martinho Campos'),(1579,'Minas Gerais','MG','Martins Soares'),(1580,'Minas Gerais','MG','Mata Verde'),(1581,'Minas Gerais','MG','Materlândia'),(1582,'Minas Gerais','MG','Mateus Leme'),(1583,'Minas Gerais','MG','Mathias Lobato'),(1584,'Minas Gerais','MG','Matias Barbosa'),(1585,'Minas Gerais','MG','Matias Cardoso'),(1586,'Minas Gerais','MG','Matipó'),(1587,'Minas Gerais','MG','Mato Verde'),(1588,'Minas Gerais','MG','Matozinhos'),(1589,'Minas Gerais','MG','Matutina'),(1590,'Minas Gerais','MG','Medeiros'),(1591,'Minas Gerais','MG','Medina'),(1592,'Minas Gerais','MG','Mendes Pimentel'),(1593,'Minas Gerais','MG','Mercês'),(1594,'Minas Gerais','MG','Mesquita'),(1595,'Minas Gerais','MG','Minas Novas'),(1596,'Minas Gerais','MG','Minduri'),(1597,'Minas Gerais','MG','Mirabela'),(1598,'Minas Gerais','MG','Miradouro'),(1599,'Minas Gerais','MG','Miraí'),(1600,'Minas Gerais','MG','Miravânia'),(1601,'Minas Gerais','MG','Moeda'),(1602,'Minas Gerais','MG','Moema'),(1603,'Minas Gerais','MG','Monjolos'),(1604,'Minas Gerais','MG','Monsenhor Paulo'),(1605,'Minas Gerais','MG','Montalvânia'),(1606,'Minas Gerais','MG','Monte Alegre de Minas'),(1607,'Minas Gerais','MG','Monte Azul'),(1608,'Minas Gerais','MG','Monte Belo'),(1609,'Minas Gerais','MG','Monte Carmelo'),(1610,'Minas Gerais','MG','Monte Formoso'),(1611,'Minas Gerais','MG','Monte Santo de Minas'),(1612,'Minas Gerais','MG','Monte Sião'),(1613,'Minas Gerais','MG','Montes Claros'),(1614,'Minas Gerais','MG','Montezuma'),(1615,'Minas Gerais','MG','Morada Nova de Minas'),(1616,'Minas Gerais','MG','Morro da Garça'),(1617,'Minas Gerais','MG','Morro do Pilar'),(1618,'Minas Gerais','MG','Munhoz'),(1619,'Minas Gerais','MG','Muriaé'),(1620,'Minas Gerais','MG','Mutum'),(1621,'Minas Gerais','MG','Muzambinho'),(1622,'Minas Gerais','MG','Nacip Raydan'),(1623,'Minas Gerais','MG','Nanuque'),(1624,'Minas Gerais','MG','Naque'),(1625,'Minas Gerais','MG','Natalândia'),(1626,'Minas Gerais','MG','Natércia'),(1627,'Minas Gerais','MG','Nazareno'),(1628,'Minas Gerais','MG','Nepomuceno'),(1629,'Minas Gerais','MG','Ninheira'),(1630,'Minas Gerais','MG','Nova Belém'),(1631,'Minas Gerais','MG','Nova Era'),(1632,'Minas Gerais','MG','Nova Lima'),(1633,'Minas Gerais','MG','Nova Módica'),(1634,'Minas Gerais','MG','Nova Ponte'),(1635,'Minas Gerais','MG','Nova Porteirinha'),(1636,'Minas Gerais','MG','Nova Resende'),(1637,'Minas Gerais','MG','Nova Serrana'),(1638,'Minas Gerais','MG','Nova União'),(1639,'Minas Gerais','MG','Novo Cruzeiro'),(1640,'Minas Gerais','MG','Novo Oriente de Minas'),(1641,'Minas Gerais','MG','Novorizonte'),(1642,'Minas Gerais','MG','Olaria'),(1643,'Minas Gerais','MG','Olhos-d\'Água'),(1644,'Minas Gerais','MG','Olímpio Noronha'),(1645,'Minas Gerais','MG','Oliveira'),(1646,'Minas Gerais','MG','Oliveira Fortes'),(1647,'Minas Gerais','MG','Onça de Pitangui'),(1648,'Minas Gerais','MG','Oratórios'),(1649,'Minas Gerais','MG','Orizânia'),(1650,'Minas Gerais','MG','Ouro Branco'),(1651,'Minas Gerais','MG','Ouro Fino'),(1652,'Minas Gerais','MG','Ouro Preto'),(1653,'Minas Gerais','MG','Ouro Verde de Minas'),(1654,'Minas Gerais','MG','Padre Carvalho'),(1655,'Minas Gerais','MG','Padre Paraíso'),(1656,'Minas Gerais','MG','Pai Pedro'),(1657,'Minas Gerais','MG','Paineiras'),(1658,'Minas Gerais','MG','Pains'),(1659,'Minas Gerais','MG','Paiva'),(1660,'Minas Gerais','MG','Palma'),(1661,'Minas Gerais','MG','Palmópolis'),(1662,'Minas Gerais','MG','Papagaios'),(1663,'Minas Gerais','MG','Pará de Minas'),(1664,'Minas Gerais','MG','Paracatu'),(1665,'Minas Gerais','MG','Paraguaçu'),(1666,'Minas Gerais','MG','Paraisópolis'),(1667,'Minas Gerais','MG','Paraopeba'),(1668,'Minas Gerais','MG','Passa Quatro'),(1669,'Minas Gerais','MG','Passa Tempo'),(1670,'Minas Gerais','MG','Passa-Vinte'),(1671,'Minas Gerais','MG','Passabém'),(1672,'Minas Gerais','MG','Passos'),(1673,'Minas Gerais','MG','Patis'),(1674,'Minas Gerais','MG','Patos de Minas'),(1675,'Minas Gerais','MG','Patrocínio'),(1676,'Minas Gerais','MG','Patrocínio do Muriaé'),(1677,'Minas Gerais','MG','Paula Cândido'),(1678,'Minas Gerais','MG','Paulistas'),(1679,'Minas Gerais','MG','Pavão'),(1680,'Minas Gerais','MG','Peçanha'),(1681,'Minas Gerais','MG','Pedra Azul'),(1682,'Minas Gerais','MG','Pedra Bonita'),(1683,'Minas Gerais','MG','Pedra do Anta'),(1684,'Minas Gerais','MG','Pedra do Indaiá'),(1685,'Minas Gerais','MG','Pedra Dourada'),(1686,'Minas Gerais','MG','Pedralva'),(1687,'Minas Gerais','MG','Pedras de Maria da Cruz'),(1688,'Minas Gerais','MG','Pedrinópolis'),(1689,'Minas Gerais','MG','Pedro Leopoldo'),(1690,'Minas Gerais','MG','Pedro Teixeira'),(1691,'Minas Gerais','MG','Pequeri'),(1692,'Minas Gerais','MG','Pequi'),(1693,'Minas Gerais','MG','Perdigão'),(1694,'Minas Gerais','MG','Perdizes'),(1695,'Minas Gerais','MG','Perdões'),(1696,'Minas Gerais','MG','Periquito'),(1697,'Minas Gerais','MG','Pescador'),(1698,'Minas Gerais','MG','Piau'),(1699,'Minas Gerais','MG','Piedade de Caratinga'),(1700,'Minas Gerais','MG','Piedade de Ponte Nova'),(1701,'Minas Gerais','MG','Piedade do Rio Grande'),(1702,'Minas Gerais','MG','Piedade dos Gerais'),(1703,'Minas Gerais','MG','Pimenta'),(1704,'Minas Gerais','MG','Pingo-d\'Água'),(1705,'Minas Gerais','MG','Pintópolis'),(1706,'Minas Gerais','MG','Piracema'),(1707,'Minas Gerais','MG','Pirajuba'),(1708,'Minas Gerais','MG','Piranga'),(1709,'Minas Gerais','MG','Piranguçu'),(1710,'Minas Gerais','MG','Piranguinho'),(1711,'Minas Gerais','MG','Pirapetinga'),(1712,'Minas Gerais','MG','Pirapora'),(1713,'Minas Gerais','MG','Piraúba'),(1714,'Minas Gerais','MG','Pitangui'),(1715,'Minas Gerais','MG','Piumhi'),(1716,'Minas Gerais','MG','Planura'),(1717,'Minas Gerais','MG','Poço Fundo'),(1718,'Minas Gerais','MG','Poços de Caldas'),(1719,'Minas Gerais','MG','Pocrane'),(1720,'Minas Gerais','MG','Pompéu'),(1721,'Minas Gerais','MG','Ponte Nova'),(1722,'Minas Gerais','MG','Ponto Chique'),(1723,'Minas Gerais','MG','Ponto dos Volantes'),(1724,'Minas Gerais','MG','Porteirinha'),(1725,'Minas Gerais','MG','Porto Firme'),(1726,'Minas Gerais','MG','Poté'),(1727,'Minas Gerais','MG','Pouso Alegre'),(1728,'Minas Gerais','MG','Pouso Alto'),(1729,'Minas Gerais','MG','Prados'),(1730,'Minas Gerais','MG','Prata'),(1731,'Minas Gerais','MG','Pratápolis'),(1732,'Minas Gerais','MG','Pratinha'),(1733,'Minas Gerais','MG','Presidente Bernardes'),(1734,'Minas Gerais','MG','Presidente Juscelino'),(1735,'Minas Gerais','MG','Presidente Kubitschek'),(1736,'Minas Gerais','MG','Presidente Olegário'),(1737,'Minas Gerais','MG','Prudente de Morais'),(1738,'Minas Gerais','MG','Quartel Geral'),(1739,'Minas Gerais','MG','Queluzito'),(1740,'Minas Gerais','MG','Raposos'),(1741,'Minas Gerais','MG','Raul Soares'),(1742,'Minas Gerais','MG','Recreio'),(1743,'Minas Gerais','MG','Reduto'),(1744,'Minas Gerais','MG','Resende Costa'),(1745,'Minas Gerais','MG','Resplendor'),(1746,'Minas Gerais','MG','Ressaquinha'),(1747,'Minas Gerais','MG','Riachinho'),(1748,'Minas Gerais','MG','Riacho dos Machados'),(1749,'Minas Gerais','MG','Ribeirão das Neves'),(1750,'Minas Gerais','MG','Ribeirão Vermelho'),(1751,'Minas Gerais','MG','Rio Acima'),(1752,'Minas Gerais','MG','Rio Casca'),(1753,'Minas Gerais','MG','Rio do Prado'),(1754,'Minas Gerais','MG','Rio Doce'),(1755,'Minas Gerais','MG','Rio Espera'),(1756,'Minas Gerais','MG','Rio Manso'),(1757,'Minas Gerais','MG','Rio Novo'),(1758,'Minas Gerais','MG','Rio Paranaíba'),(1759,'Minas Gerais','MG','Rio Pardo de Minas'),(1760,'Minas Gerais','MG','Rio Piracicaba'),(1761,'Minas Gerais','MG','Rio Pomba'),(1762,'Minas Gerais','MG','Rio Preto'),(1763,'Minas Gerais','MG','Rio Vermelho'),(1764,'Minas Gerais','MG','Ritápolis'),(1765,'Minas Gerais','MG','Rochedo de Minas'),(1766,'Minas Gerais','MG','Rodeiro'),(1767,'Minas Gerais','MG','Romaria'),(1768,'Minas Gerais','MG','Rosário da Limeira'),(1769,'Minas Gerais','MG','Rubelita'),(1770,'Minas Gerais','MG','Rubim'),(1771,'Minas Gerais','MG','Sabará'),(1772,'Minas Gerais','MG','Sabinópolis'),(1773,'Minas Gerais','MG','Sacramento'),(1774,'Minas Gerais','MG','Salinas'),(1775,'Minas Gerais','MG','Salto da Divisa'),(1776,'Minas Gerais','MG','Santa Bárbara'),(1777,'Minas Gerais','MG','Santa Bárbara do Leste'),(1778,'Minas Gerais','MG','Santa Bárbara do Monte Verde'),(1779,'Minas Gerais','MG','Santa Bárbara do Tugúrio'),(1780,'Minas Gerais','MG','Santa Cruz de Minas'),(1781,'Minas Gerais','MG','Santa Cruz de Salinas'),(1782,'Minas Gerais','MG','Santa Cruz do Escalvado'),(1783,'Minas Gerais','MG','Santa Efigênia de Minas'),(1784,'Minas Gerais','MG','Santa Fé de Minas'),(1785,'Minas Gerais','MG','Santa Helena de Minas'),(1786,'Minas Gerais','MG','Santa Juliana'),(1787,'Minas Gerais','MG','Santa Luzia'),(1788,'Minas Gerais','MG','Santa Margarida'),(1789,'Minas Gerais','MG','Santa Maria de Itabira'),(1790,'Minas Gerais','MG','Santa Maria do Salto'),(1791,'Minas Gerais','MG','Santa Maria do Suaçuí'),(1792,'Minas Gerais','MG','Santa Rita de Caldas'),(1793,'Minas Gerais','MG','Santa Rita de Ibitipoca'),(1794,'Minas Gerais','MG','Santa Rita de Jacutinga'),(1795,'Minas Gerais','MG','Santa Rita de Minas'),(1796,'Minas Gerais','MG','Santa Rita do Itueto'),(1797,'Minas Gerais','MG','Santa Rita do Sapucaí'),(1798,'Minas Gerais','MG','Santa Rosa da Serra'),(1799,'Minas Gerais','MG','Santa Vitória'),(1800,'Minas Gerais','MG','Santana da Vargem'),(1801,'Minas Gerais','MG','Santana de Cataguases'),(1802,'Minas Gerais','MG','Santana de Pirapama'),(1803,'Minas Gerais','MG','Santana do Deserto'),(1804,'Minas Gerais','MG','Santana do Garambéu'),(1805,'Minas Gerais','MG','Santana do Jacaré'),(1806,'Minas Gerais','MG','Santana do Manhuaçu'),(1807,'Minas Gerais','MG','Santana do Paraíso'),(1808,'Minas Gerais','MG','Santana do Riacho'),(1809,'Minas Gerais','MG','Santana dos Montes'),(1810,'Minas Gerais','MG','Santo Antônio do Amparo'),(1811,'Minas Gerais','MG','Santo Antônio do Aventureiro'),(1812,'Minas Gerais','MG','Santo Antônio do Grama'),(1813,'Minas Gerais','MG','Santo Antônio do Itambé'),(1814,'Minas Gerais','MG','Santo Antônio do Jacinto'),(1815,'Minas Gerais','MG','Santo Antônio do Monte'),(1816,'Minas Gerais','MG','Santo Antônio do Retiro'),(1817,'Minas Gerais','MG','Santo Antônio do Rio Abaixo'),(1818,'Minas Gerais','MG','Santo Hipólito'),(1819,'Minas Gerais','MG','Santos Dumont'),(1820,'Minas Gerais','MG','São Bento Abade'),(1821,'Minas Gerais','MG','São Brás do Suaçuí'),(1822,'Minas Gerais','MG','São Domingos das Dores'),(1823,'Minas Gerais','MG','São Domingos do Prata'),(1824,'Minas Gerais','MG','São Félix de Minas'),(1825,'Minas Gerais','MG','São Francisco'),(1826,'Minas Gerais','MG','São Francisco de Paula'),(1827,'Minas Gerais','MG','São Francisco de Sales'),(1828,'Minas Gerais','MG','São Francisco do Glória'),(1829,'Minas Gerais','MG','São Geraldo'),(1830,'Minas Gerais','MG','São Geraldo da Piedade'),(1831,'Minas Gerais','MG','São Geraldo do Baixio'),(1832,'Minas Gerais','MG','São Gonçalo do Abaeté'),(1833,'Minas Gerais','MG','São Gonçalo do Pará'),(1834,'Minas Gerais','MG','São Gonçalo do Rio Abaixo'),(1835,'Minas Gerais','MG','São Gonçalo do Rio Preto'),(1836,'Minas Gerais','MG','São Gonçalo do Sapucaí'),(1837,'Minas Gerais','MG','São Gotardo'),(1838,'Minas Gerais','MG','São João Batista do Glória'),(1839,'Minas Gerais','MG','São João da Lagoa'),(1840,'Minas Gerais','MG','São João da Mata'),(1841,'Minas Gerais','MG','São João da Ponte'),(1842,'Minas Gerais','MG','São João das Missões'),(1843,'Minas Gerais','MG','São João del Rei'),(1844,'Minas Gerais','MG','São João do Manhuaçu'),(1845,'Minas Gerais','MG','São João do Manteninha'),(1846,'Minas Gerais','MG','São João do Oriente'),(1847,'Minas Gerais','MG','São João do Pacuí'),(1848,'Minas Gerais','MG','São João do Paraíso'),(1849,'Minas Gerais','MG','São João Evangelista'),(1850,'Minas Gerais','MG','São João Nepomuceno'),(1851,'Minas Gerais','MG','São Joaquim de Bicas'),(1852,'Minas Gerais','MG','São José da Barra'),(1853,'Minas Gerais','MG','São José da Lapa'),(1854,'Minas Gerais','MG','São José da Safira'),(1855,'Minas Gerais','MG','São José da Varginha'),(1856,'Minas Gerais','MG','São José do Alegre'),(1857,'Minas Gerais','MG','São José do Divino'),(1858,'Minas Gerais','MG','São José do Goiabal'),(1859,'Minas Gerais','MG','São José do Jacuri'),(1860,'Minas Gerais','MG','São José do Mantimento'),(1861,'Minas Gerais','MG','São Lourenço'),(1862,'Minas Gerais','MG','São Miguel do Anta'),(1863,'Minas Gerais','MG','São Pedro da União'),(1864,'Minas Gerais','MG','São Pedro do Suaçuí'),(1865,'Minas Gerais','MG','São Pedro dos Ferros'),(1866,'Minas Gerais','MG','São Romão'),(1867,'Minas Gerais','MG','São Roque de Minas'),(1868,'Minas Gerais','MG','São Sebastião da Bela Vista'),(1869,'Minas Gerais','MG','São Sebastião da Vargem Alegre'),(1870,'Minas Gerais','MG','São Sebastião do Anta'),(1871,'Minas Gerais','MG','São Sebastião do Maranhão'),(1872,'Minas Gerais','MG','São Sebastião do Oeste'),(1873,'Minas Gerais','MG','São Sebastião do Paraíso'),(1874,'Minas Gerais','MG','São Sebastião do Rio Preto'),(1875,'Minas Gerais','MG','São Sebastião do Rio Verde'),(1876,'Minas Gerais','MG','São Thomé das Letras'),(1877,'Minas Gerais','MG','São Tiago'),(1878,'Minas Gerais','MG','São Tomás de Aquino'),(1879,'Minas Gerais','MG','São Vicente de Minas'),(1880,'Minas Gerais','MG','Sapucaí-Mirim'),(1881,'Minas Gerais','MG','Sardoá'),(1882,'Minas Gerais','MG','Sarzedo'),(1883,'Minas Gerais','MG','Sem-Peixe'),(1884,'Minas Gerais','MG','Senador Amaral'),(1885,'Minas Gerais','MG','Senador Cortes'),(1886,'Minas Gerais','MG','Senador Firmino'),(1887,'Minas Gerais','MG','Senador José Bento'),(1888,'Minas Gerais','MG','Senador Modestino Gonçalves'),(1889,'Minas Gerais','MG','Senhora de Oliveira'),(1890,'Minas Gerais','MG','Senhora do Porto'),(1891,'Minas Gerais','MG','Senhora dos Remédios'),(1892,'Minas Gerais','MG','Sericita'),(1893,'Minas Gerais','MG','Seritinga'),(1894,'Minas Gerais','MG','Serra Azul de Minas'),(1895,'Minas Gerais','MG','Serra da Saudade'),(1896,'Minas Gerais','MG','Serra do Salitre'),(1897,'Minas Gerais','MG','Serra dos Aimorés'),(1898,'Minas Gerais','MG','Serrania'),(1899,'Minas Gerais','MG','Serranópolis de Minas'),(1900,'Minas Gerais','MG','Serranos'),(1901,'Minas Gerais','MG','Serro'),(1902,'Minas Gerais','MG','Sete Lagoas'),(1903,'Minas Gerais','MG','Setubinha'),(1904,'Minas Gerais','MG','Silveirânia'),(1905,'Minas Gerais','MG','Silvianópolis'),(1906,'Minas Gerais','MG','Simão Pereira'),(1907,'Minas Gerais','MG','Simonésia'),(1908,'Minas Gerais','MG','Sobrália'),(1909,'Minas Gerais','MG','Soledade de Minas'),(1910,'Minas Gerais','MG','Tabuleiro'),(1911,'Minas Gerais','MG','Taiobeiras'),(1912,'Minas Gerais','MG','Taparuba'),(1913,'Minas Gerais','MG','Tapira'),(1914,'Minas Gerais','MG','Tapiraí'),(1915,'Minas Gerais','MG','Taquaraçu de Minas'),(1916,'Minas Gerais','MG','Tarumirim'),(1917,'Minas Gerais','MG','Teixeiras'),(1918,'Minas Gerais','MG','Teófilo Otoni'),(1919,'Minas Gerais','MG','Timóteo'),(1920,'Minas Gerais','MG','Tiradentes'),(1921,'Minas Gerais','MG','Tiros'),(1922,'Minas Gerais','MG','Tocantins'),(1923,'Minas Gerais','MG','Tocos do Moji'),(1924,'Minas Gerais','MG','Toledo'),(1925,'Minas Gerais','MG','Tombos'),(1926,'Minas Gerais','MG','Três Corações'),(1927,'Minas Gerais','MG','Três Marias'),(1928,'Minas Gerais','MG','Três Pontas'),(1929,'Minas Gerais','MG','Tumiritinga'),(1930,'Minas Gerais','MG','Tupaciguara'),(1931,'Minas Gerais','MG','Turmalina'),(1932,'Minas Gerais','MG','Turvolândia'),(1933,'Minas Gerais','MG','Ubá'),(1934,'Minas Gerais','MG','Ubaí'),(1935,'Minas Gerais','MG','Ubaporanga'),(1936,'Minas Gerais','MG','Uberaba'),(1937,'Minas Gerais','MG','Uberlândia'),(1938,'Minas Gerais','MG','Umburatiba'),(1939,'Minas Gerais','MG','Unaí'),(1940,'Minas Gerais','MG','União de Minas'),(1941,'Minas Gerais','MG','Uruana de Minas'),(1942,'Minas Gerais','MG','Urucânia'),(1943,'Minas Gerais','MG','Urucuia'),(1944,'Minas Gerais','MG','Vargem Alegre'),(1945,'Minas Gerais','MG','Vargem Bonita'),(1946,'Minas Gerais','MG','Vargem Grande do Rio Pardo'),(1947,'Minas Gerais','MG','Varginha'),(1948,'Minas Gerais','MG','Varjão de Minas'),(1949,'Minas Gerais','MG','Várzea da Palma'),(1950,'Minas Gerais','MG','Varzelândia'),(1951,'Minas Gerais','MG','Vazante'),(1952,'Minas Gerais','MG','Verdelândia'),(1953,'Minas Gerais','MG','Veredinha'),(1954,'Minas Gerais','MG','Veríssimo'),(1955,'Minas Gerais','MG','Vermelho Novo'),(1956,'Minas Gerais','MG','Vespasiano'),(1957,'Minas Gerais','MG','Viçosa'),(1958,'Minas Gerais','MG','Vieiras'),(1959,'Minas Gerais','MG','Virgem da Lapa'),(1960,'Minas Gerais','MG','Virgínia'),(1961,'Minas Gerais','MG','Virginópolis'),(1962,'Minas Gerais','MG','Virgolândia'),(1963,'Minas Gerais','MG','Visconde do Rio Branco'),(1964,'Minas Gerais','MG','Volta Grande'),(1965,'Minas Gerais','MG','Wenceslau Braz'),(1966,'Acre','AC','Acrelândia'),(1967,'Acre','AC','Assis Brasil'),(1968,'Acre','AC','Brasiléia'),(1969,'Acre','AC','Bujari'),(1970,'Acre','AC','Capixaba'),(1971,'Acre','AC','Cruzeiro do Sul'),(1972,'Acre','AC','Epitaciolândia'),(1973,'Acre','AC','Feijó'),(1974,'Acre','AC','Jordão'),(1975,'Acre','AC','Mâncio Lima'),(1976,'Acre','AC','Manoel Urbano'),(1977,'Acre','AC','Marechal Thaumaturgo'),(1978,'Acre','AC','Plácido de Castro'),(1979,'Acre','AC','Porto Acre'),(1980,'Acre','AC','Porto Walter'),(1981,'Acre','AC','Rio Branco'),(1982,'Acre','AC','Rodrigues Alves'),(1983,'Acre','AC','Santa Rosa do Purus'),(1984,'Acre','AC','Sena Madureira'),(1985,'Acre','AC','Senador Guiomard'),(1986,'Acre','AC','Tarauacá'),(1987,'Acre','AC','Xapuri');
/*!40000 ALTER TABLE `LOCATION` ENABLE KEYS */;
UNLOCK TABLES;

--
-- Dumping data for table `PRODUCER`
--

LOCK TABLES `PRODUCER` WRITE;
/*!40000 ALTER TABLE `PRODUCER` DISABLE KEYS */;
INSERT INTO `PRODUCER` VALUES (1,'Mitchell Day','31'),(2,'Gregory Erickson','23'),(3,'Megan Barton','53'),(4,'Philip Anderson','40'),(5,'Mr. Benjamin Vincent','23'),(6,'Eugene Carroll','30'),(7,'David Pruitt','58'),(8,'Travis Bolton','59'),(9,'Joshua Golden','60'),(10,'Erin Cole','19'),(11,'Larry Beasley','50'),(12,'Monique Green','18'),(13,'Christina Gillespie','54'),(14,'Katrina Young','40'),(15,'Jennifer Wilson','59'),(16,'Natalie Powers','63'),(17,'Mrs. Amy Dixon MD','32'),(18,'Ronald Smith','23'),(19,'Mrs. Sandra Buckley','23'),(20,'Lynn Steele','47'),(21,'Keith Scott','64'),(22,'Heather Harris DVM','47'),(23,'Marco Hammond','48'),(24,'Ann Arnold','47'),(25,'Anita Harvey','38'),(26,'James Walker','32'),(27,'Anthony Alvarez','52'),(28,'Toni Galvan','61'),(29,'Charles Hernandez','30'),(30,'James Morrison','55'),(31,'Hunter Jones','48'),(32,'Jeremy Crawford','29'),(33,'Mr. Justin Buckley','42'),(34,'Wendy Bright','57'),(35,'Ms. Angela Larson','39'),(36,'Scott Marshall','44'),(37,'Cody Turner','40'),(38,'Jeffrey Collins','59'),(39,'Miranda Hughes','34'),(40,'Melissa Khan','47'),(41,'Michelle Brown','49'),(42,'Maxwell Flores','31'),(43,'Anthony Rowe','21'),(44,'Jason Cox','62'),(45,'John Lane','35'),(46,'Daniel Gonzales','49'),(47,'Lindsay Welch','34'),(48,'Brent Watson','20'),(49,'John Davis','62'),(50,'Ethan Villa','55'),(51,'Sharon Roberts','61'),(52,'Vincent Stone','26'),(53,'Alexander Patterson','62'),(54,'Susan Bartlett','58'),(55,'Angela Johnson','57'),(56,'Yolanda Bradley','45'),(57,'Jamie Jones','20'),(58,'James Merritt','61'),(59,'Jeremy Summers','38'),(60,'Christopher Logan','56'),(61,'Monica Underwood','27'),(62,'Donna Richardson','64'),(63,'Gregory Blevins','49'),(64,'Kimberly Lang','57'),(65,'Eric Hudson','56'),(66,'Sierra Butler','24'),(67,'Devin Hamilton','40'),(68,'Kevin Jones','23'),(69,'Cindy Scott','31'),(70,'Jill Brown','31'),(71,'James Jackson','58'),(72,'Erik Jackson','29'),(73,'Joseph Schmidt','37'),(74,'Jordan Porter','18'),(75,'Phillip Brown','61'),(76,'Sherry Carey','55'),(77,'Sheryl Delacruz','48'),(78,'Stacey Avila','64'),(79,'Paula Adams','46'),(80,'Erin Thompson','25'),(81,'Joshua Johnson','35'),(82,'Steven Williams','54'),(83,'Katie Miller','59'),(84,'Jill Walker','54'),(85,'Thomas Davies','62'),(86,'Daniel Cox','39'),(87,'Marissa Jackson','32'),(88,'Sara Torres','43'),(89,'Jordan Kirby','27'),(90,'Kirk Phillips','43'),(91,'Amanda Ellis','44'),(92,'Robert Myers','36'),(93,'Jennifer Peterson','62'),(94,'Emily Byrd','33'),(95,'Erin Cooper','20'),(96,'Lawrence Hernandez','58'),(97,'Rachel Henderson MD','43'),(98,'James Wood','63'),(99,'Kelly Osborne','19'),(100,'Cynthia Hobbs','22'),(101,'Andrew Schultz MD','35'),(102,'Crystal Mcmillan','62'),(103,'Stanley Perez','25'),(104,'Joy Thomas','56'),(105,'Erika Jackson','40'),(106,'Tracy Kelley','39'),(107,'Mary Warner','42'),(108,'David Snyder','57'),(109,'James Atkins','34'),(110,'Paula Castillo','36'),(111,'Brenda Henry','19'),(112,'Tracy Martin','63'),(113,'Bradley Smith','42'),(114,'Ashley Simmons','19'),(115,'Adrienne Fletcher','43'),(116,'Ashley Acevedo','64'),(117,'Joshua Thomas','59'),(118,'Randall Fox','25'),(119,'William Shepard','47'),(120,'Leah Grant','52'),(121,'Susan Crawford','62'),(122,'Tammy Brown','42'),(123,'Jonathan Bowman','47'),(124,'Mark Burch','60'),(125,'Dillon Cooper','35'),(126,'Jermaine Odonnell','46'),(127,'Jose Cox','21'),(128,'Austin Robinson','32'),(129,'Jonathan Garcia','46'),(130,'Makayla Peterson','40'),(131,'Justin Mayer','64'),(132,'Jason Miller','35'),(133,'John Huffman','43'),(134,'Douglas Ruiz','62'),(135,'Jason Simmons','47'),(136,'Alex Douglas','19'),(137,'Wyatt Jenkins','36'),(138,'Jessica Stone','36'),(139,'Danny Chandler','49'),(140,'Kimberly Cantrell','50'),(141,'Martha Garcia','61'),(142,'Edgar Peters','32'),(143,'Jasmine Reid','28'),(144,'Melissa Chan','26'),(145,'Kaitlyn Cox','50'),(146,'Phillip Ingram','42'),(147,'Heather Reeves','46'),(148,'Mike Johnson','30'),(149,'Amanda Miller','23');
/*!40000 ALTER TABLE `PRODUCER` ENABLE KEYS */;
UNLOCK TABLES;
/*!40103 SET TIME_ZONE=@OLD_TIME_ZONE */;

/*!40101 SET SQL_MODE=@OLD_SQL_MODE */;
/*!40014 SET FOREIGN_KEY_CHECKS=@OLD_FOREIGN_KEY_CHECKS */;
/*!40014 SET UNIQUE_CHECKS=@OLD_UNIQUE_CHECKS */;
/*!40101 SET CHARACTER_SET_CLIENT=@OLD_CHARACTER_SET_CLIENT */;
/*!40101 SET CHARACTER_SET_RESULTS=@OLD_CHARACTER_SET_RESULTS */;
/*!40101 SET COLLATION_CONNECTION=@OLD_COLLATION_CONNECTION */;
/*!40111 SET SQL_NOTES=@OLD_SQL_NOTES */;

-- Dump completed on 2021-11-09 23:44:29
